source_kind	locale	source_page	line	section_top	section_path	name	aliases_from_heading	source_url
canon_reference	ja	銀河英雄伝説の登場人物・銀河帝国	7	ラインハルトとその縁者	ラインハルトとその縁者	ラインハルト・フォン・ローエングラム / ラインハルト・フォン・ミューゼル	ラインハルト・フォン・ローエングラム | ラインハルト・フォン・ミューゼル	https://ja.wikipedia.org/wiki/銀河英雄伝説の登場人物・銀河帝国
canon_reference	ja	銀河英雄伝説の登場人物・銀河帝国	10	ラインハルトとその縁者	ラインハルトとその縁者	ジークフリード・キルヒアイス	ジークフリード・キルヒアイス	https://ja.wikipedia.org/wiki/銀河英雄伝説の登場人物・銀河帝国
canon_reference	ja	銀河英雄伝説の登場人物・銀河帝国	13	ラインハルトとその縁者	ラインハルトとその縁者	ヒルデガルド・フォン・マリーンドルフ	ヒルデガルド・フォン・マリーンドルフ	https://ja.wikipedia.org/wiki/銀河英雄伝説の登場人物・銀河帝国
canon_reference	ja	銀河英雄伝説の登場人物・銀河帝国	16	ラインハルトとその縁者	ラインハルトとその縁者	アンネローゼ・フォン・グリューネワルト	アンネローゼ・フォン・グリューネワルト	https://ja.wikipedia.org/wiki/銀河英雄伝説の登場人物・銀河帝国
canon_reference	ja	銀河英雄伝説の登場人物・銀河帝国	19	ラインハルトとその縁者	ラインハルトとその縁者	アレクサンデル・ジークフリード・フォン・ローエングラム (Alexander Siegfried von Lohengramm)	アレクサンデル・ジークフリード・フォン・ローエングラム (Alexander Siegfried von Lohengramm)	https://ja.wikipedia.org/wiki/銀河英雄伝説の登場人物・銀河帝国
canon_reference	ja	銀河英雄伝説の登場人物・銀河帝国	22	ラインハルトとその縁者	ラインハルトとその縁者	セバスティアン・フォン・ミューゼル (Sebastian von Müsel)	セバスティアン・フォン・ミューゼル (Sebastian von Müsel)	https://ja.wikipedia.org/wiki/銀河英雄伝説の登場人物・銀河帝国
canon_reference	ja	銀河英雄伝説の登場人物・銀河帝国	28	ラインハルトとその縁者	ラインハルトとその縁者	クラリベル・フォン・ミューゼル (Klaribel von Müsel)	クラリベル・フォン・ミューゼル (Klaribel von Müsel)	https://ja.wikipedia.org/wiki/銀河英雄伝説の登場人物・銀河帝国
canon_reference	ja	銀河英雄伝説の登場人物・銀河帝国	35	ローエングラム陣営	ローエングラム陣営	ラインハルト・フォン・ローエングラム	ラインハルト・フォン・ローエングラム	https://ja.wikipedia.org/wiki/銀河英雄伝説の登場人物・銀河帝国
canon_reference	ja	銀河英雄伝説の登場人物・銀河帝国	37	ローエングラム陣営	ローエングラム陣営	ジークフリード・キルヒアイス	ジークフリード・キルヒアイス	https://ja.wikipedia.org/wiki/銀河英雄伝説の登場人物・銀河帝国
canon_reference	ja	銀河英雄伝説の登場人物・銀河帝国	39	ローエングラム陣営	ローエングラム陣営	ヒルデガルド・フォン・マリーンドルフ	ヒルデガルド・フォン・マリーンドルフ	https://ja.wikipedia.org/wiki/銀河英雄伝説の登場人物・銀河帝国
canon_reference	ja	銀河英雄伝説の登場人物・銀河帝国	43	ローエングラム陣営	ローエングラム陣営 > 主要提督	ウォルフガング・ミッターマイヤー	ウォルフガング・ミッターマイヤー	https://ja.wikipedia.org/wiki/銀河英雄伝説の登場人物・銀河帝国
canon_reference	ja	銀河英雄伝説の登場人物・銀河帝国	46	ローエングラム陣営	ローエングラム陣営 > 主要提督	オスカー・フォン・ロイエンタール	オスカー・フォン・ロイエンタール	https://ja.wikipedia.org/wiki/銀河英雄伝説の登場人物・銀河帝国
canon_reference	ja	銀河英雄伝説の登場人物・銀河帝国	49	ローエングラム陣営	ローエングラム陣営 > 主要提督	パウル・フォン・オーベルシュタイン	パウル・フォン・オーベルシュタイン	https://ja.wikipedia.org/wiki/銀河英雄伝説の登場人物・銀河帝国
canon_reference	ja	銀河英雄伝説の登場人物・銀河帝国	52	ローエングラム陣営	ローエングラム陣営 > 主要提督	カール・グスタフ・ケンプ	カール・グスタフ・ケンプ	https://ja.wikipedia.org/wiki/銀河英雄伝説の登場人物・銀河帝国
canon_reference	ja	銀河英雄伝説の登場人物・銀河帝国	55	ローエングラム陣営	ローエングラム陣営 > 主要提督	フリッツ・ヨーゼフ・ビッテンフェルト	フリッツ・ヨーゼフ・ビッテンフェルト	https://ja.wikipedia.org/wiki/銀河英雄伝説の登場人物・銀河帝国
canon_reference	ja	銀河英雄伝説の登場人物・銀河帝国	58	ローエングラム陣営	ローエングラム陣営 > 主要提督	エルネスト・メックリンガー	エルネスト・メックリンガー	https://ja.wikipedia.org/wiki/銀河英雄伝説の登場人物・銀河帝国
canon_reference	ja	銀河英雄伝説の登場人物・銀河帝国	61	ローエングラム陣営	ローエングラム陣営 > 主要提督	ウルリッヒ・ケスラー	ウルリッヒ・ケスラー	https://ja.wikipedia.org/wiki/銀河英雄伝説の登場人物・銀河帝国
canon_reference	ja	銀河英雄伝説の登場人物・銀河帝国	64	ローエングラム陣営	ローエングラム陣営 > 主要提督	アウグスト・ザムエル・ワーレン	アウグスト・ザムエル・ワーレン	https://ja.wikipedia.org/wiki/銀河英雄伝説の登場人物・銀河帝国
canon_reference	ja	銀河英雄伝説の登場人物・銀河帝国	67	ローエングラム陣営	ローエングラム陣営 > 主要提督	コルネリアス・ルッツ	コルネリアス・ルッツ	https://ja.wikipedia.org/wiki/銀河英雄伝説の登場人物・銀河帝国
canon_reference	ja	銀河英雄伝説の登場人物・銀河帝国	70	ローエングラム陣営	ローエングラム陣営 > 主要提督	ナイトハルト・ミュラー	ナイトハルト・ミュラー	https://ja.wikipedia.org/wiki/銀河英雄伝説の登場人物・銀河帝国
canon_reference	ja	銀河英雄伝説の登場人物・銀河帝国	73	ローエングラム陣営	ローエングラム陣営 > 主要提督	ヘルムート・レンネンカンプ	ヘルムート・レンネンカンプ	https://ja.wikipedia.org/wiki/銀河英雄伝説の登場人物・銀河帝国
canon_reference	ja	銀河英雄伝説の登場人物・銀河帝国	76	ローエングラム陣営	ローエングラム陣営 > 主要提督	カール・ロベルト・シュタインメッツ	カール・ロベルト・シュタインメッツ	https://ja.wikipedia.org/wiki/銀河英雄伝説の登場人物・銀河帝国
canon_reference	ja	銀河英雄伝説の登場人物・銀河帝国	79	ローエングラム陣営	ローエングラム陣営 > 主要提督	エルンスト・フォン・アイゼナッハ	エルンスト・フォン・アイゼナッハ	https://ja.wikipedia.org/wiki/銀河英雄伝説の登場人物・銀河帝国
canon_reference	ja	銀河英雄伝説の登場人物・銀河帝国	82	ローエングラム陣営	ローエングラム陣営 > 主要提督	アーダルベルト・フォン・ファーレンハイト	アーダルベルト・フォン・ファーレンハイト	https://ja.wikipedia.org/wiki/銀河英雄伝説の登場人物・銀河帝国
canon_reference	ja	銀河英雄伝説の登場人物・銀河帝国	89	ローエングラム陣営	ローエングラム陣営 > ラインハルトの幕僚・近侍	アルツール・フォン・シュトライト (Artur von Streit)	アルツール・フォン・シュトライト (Artur von Streit)	https://ja.wikipedia.org/wiki/銀河英雄伝説の登場人物・銀河帝国
canon_reference	ja	銀河英雄伝説の登場人物・銀河帝国	95	ローエングラム陣営	ローエングラム陣営 > ラインハルトの幕僚・近侍	テオドール・フォン・リュッケ (Theodor von Lücke)	テオドール・フォン・リュッケ (Theodor von Lücke)	https://ja.wikipedia.org/wiki/銀河英雄伝説の登場人物・銀河帝国
canon_reference	ja	銀河英雄伝説の登場人物・銀河帝国	99	ローエングラム陣営	ローエングラム陣営 > ラインハルトの幕僚・近侍	ギュンター・キスリング (Günther Kißling)	ギュンター・キスリング (Günther Kißling)	https://ja.wikipedia.org/wiki/銀河英雄伝説の登場人物・銀河帝国
canon_reference	ja	銀河英雄伝説の登場人物・銀河帝国	105	ローエングラム陣営	ローエングラム陣営 > ラインハルトの幕僚・近侍	エミール・フォン・ゼッレ (Emil von Seclä)	エミール・フォン・ゼッレ (Emil von Seclä)	https://ja.wikipedia.org/wiki/銀河英雄伝説の登場人物・銀河帝国
canon_reference	ja	銀河英雄伝説の登場人物・銀河帝国	113	ローエングラム陣営	ローエングラム陣営 > ローエングラム陣営の軍人	アルフレット・グリルパルツァー (Alfred Grillparzer)	アルフレット・グリルパルツァー (Alfred Grillparzer)	https://ja.wikipedia.org/wiki/銀河英雄伝説の登場人物・銀河帝国
canon_reference	ja	銀河英雄伝説の登場人物・銀河帝国	118	ローエングラム陣営	ローエングラム陣営 > ローエングラム陣営の軍人	ブルーノ・フォン・クナップシュタイン (Bruno von Knapfstein)	ブルーノ・フォン・クナップシュタイン (Bruno von Knapfstein)	https://ja.wikipedia.org/wiki/銀河英雄伝説の登場人物・銀河帝国
canon_reference	ja	銀河英雄伝説の登場人物・銀河帝国	123	ローエングラム陣営	ローエングラム陣営 > ローエングラム陣営の軍人	カール・エドワルド・バイエルライン (Karl Edward Beyerlein)	カール・エドワルド・バイエルライン (Karl Edward Beyerlein)	https://ja.wikipedia.org/wiki/銀河英雄伝説の登場人物・銀河帝国
canon_reference	ja	銀河英雄伝説の登場人物・銀河帝国	128	ローエングラム陣営	ローエングラム陣営 > ローエングラム陣営の軍人	アントン・フェルナー (Anton Ferner)	アントン・フェルナー (Anton Ferner)	https://ja.wikipedia.org/wiki/銀河英雄伝説の登場人物・銀河帝国
canon_reference	ja	銀河英雄伝説の登場人物・銀河帝国	133	ローエングラム陣営	ローエングラム陣営 > ローエングラム陣営の軍人	ハンス・エドアルド・ベルゲングリューン (Hans Eduard Bergengrün)	ハンス・エドアルド・ベルゲングリューン (Hans Eduard Bergengrün)	https://ja.wikipedia.org/wiki/銀河英雄伝説の登場人物・銀河帝国
canon_reference	ja	銀河英雄伝説の登場人物・銀河帝国	139	ローエングラム陣営	ローエングラム陣営 > ローエングラム陣営の軍人	フォルカー・アクセル・フォン・ビューロー (Volker Axel von Bülow)	フォルカー・アクセル・フォン・ビューロー (Volker Axel von Bülow)	https://ja.wikipedia.org/wiki/銀河英雄伝説の登場人物・銀河帝国
canon_reference	ja	銀河英雄伝説の登場人物・銀河帝国	145	ローエングラム陣営	ローエングラム陣営 > ローエングラム陣営の軍人	ホルスト・ジンツァー (Horst Sintzer)	ホルスト・ジンツァー (Horst Sintzer)	https://ja.wikipedia.org/wiki/銀河英雄伝説の登場人物・銀河帝国
canon_reference	ja	銀河英雄伝説の登場人物・銀河帝国	150	ローエングラム陣営	ローエングラム陣営 > ローエングラム陣営の軍人	ドロイゼン (Dreusen)	ドロイゼン (Dreusen)	https://ja.wikipedia.org/wiki/銀河英雄伝説の登場人物・銀河帝国
canon_reference	ja	銀河英雄伝説の登場人物・銀河帝国	154	ローエングラム陣営	ローエングラム陣営 > ローエングラム陣営の軍人	アムスドルフ (Amsdorf)	アムスドルフ (Amsdorf)	https://ja.wikipedia.org/wiki/銀河英雄伝説の登場人物・銀河帝国
canon_reference	ja	銀河英雄伝説の登場人物・銀河帝国	159	ローエングラム陣営	ローエングラム陣営 > ローエングラム陣営の軍人	エミール・フォン・レッケンドルフ (Emil von Reckendorf)	エミール・フォン・レッケンドルフ (Emil von Reckendorf)	https://ja.wikipedia.org/wiki/銀河英雄伝説の登場人物・銀河帝国
canon_reference	ja	銀河英雄伝説の登場人物・銀河帝国	163	ローエングラム陣営	ローエングラム陣営 > ローエングラム陣営の軍人	ゾンネンフェルス (Sonnenfels)	ゾンネンフェルス (Sonnenfels)	https://ja.wikipedia.org/wiki/銀河英雄伝説の登場人物・銀河帝国
canon_reference	ja	銀河英雄伝説の登場人物・銀河帝国	167	ローエングラム陣営	ローエングラム陣営 > ローエングラム陣営の軍人	アレクサンデル・バルトハウザー (Alexander Barthauser)	アレクサンデル・バルトハウザー (Alexander Barthauser)	https://ja.wikipedia.org/wiki/銀河英雄伝説の登場人物・銀河帝国
canon_reference	ja	銀河英雄伝説の登場人物・銀河帝国	170	ローエングラム陣営	ローエングラム陣営 > ローエングラム陣営の軍人	ディッタースドルフ (Dittersdorf)	ディッタースドルフ (Dittersdorf)	https://ja.wikipedia.org/wiki/銀河英雄伝説の登場人物・銀河帝国
canon_reference	ja	銀河英雄伝説の登場人物・銀河帝国	174	ローエングラム陣営	ローエングラム陣営 > ローエングラム陣営の軍人	リッチェル (Ritzschel)	リッチェル (Ritzschel)	https://ja.wikipedia.org/wiki/銀河英雄伝説の登場人物・銀河帝国
canon_reference	ja	銀河英雄伝説の登場人物・銀河帝国	178	ローエングラム陣営	ローエングラム陣営 > ローエングラム陣営の軍人	セルベル (Serbel)	セルベル (Serbel)	https://ja.wikipedia.org/wiki/銀河英雄伝説の登場人物・銀河帝国
canon_reference	ja	銀河英雄伝説の登場人物・銀河帝国	182	ローエングラム陣営	ローエングラム陣営 > ローエングラム陣営の軍人	ハルバーシュタット (Harberstadt)	ハルバーシュタット (Harberstadt)	https://ja.wikipedia.org/wiki/銀河英雄伝説の登場人物・銀河帝国
canon_reference	ja	銀河英雄伝説の登場人物・銀河帝国	186	ローエングラム陣営	ローエングラム陣営 > ローエングラム陣営の軍人	グレーブナー (Grahbner)	グレーブナー (Grahbner)	https://ja.wikipedia.org/wiki/銀河英雄伝説の登場人物・銀河帝国
canon_reference	ja	銀河英雄伝説の登場人物・銀河帝国	190	ローエングラム陣営	ローエングラム陣営 > ローエングラム陣営の軍人	オイゲン (Eugen)	オイゲン (Eugen)	https://ja.wikipedia.org/wiki/銀河英雄伝説の登場人物・銀河帝国
canon_reference	ja	銀河英雄伝説の登場人物・銀河帝国	195	ローエングラム陣営	ローエングラム陣営 > ローエングラム陣営の軍人	ホルツバウアー (Horzbauer)	ホルツバウアー (Horzbauer)	https://ja.wikipedia.org/wiki/銀河英雄伝説の登場人物・銀河帝国
canon_reference	ja	銀河英雄伝説の登場人物・銀河帝国	200	ローエングラム陣営	ローエングラム陣営 > ローエングラム陣営の軍人	コンラート・リンザー (Konrad Linser)	コンラート・リンザー (Konrad Linser)	https://ja.wikipedia.org/wiki/銀河英雄伝説の登場人物・銀河帝国
canon_reference	ja	銀河英雄伝説の登場人物・銀河帝国	204	ローエングラム陣営	ローエングラム陣営 > ローエングラム陣営の軍人	コンラート・フォン・モーデル (Konrad von Model)	コンラート・フォン・モーデル (Konrad von Model)	https://ja.wikipedia.org/wiki/銀河英雄伝説の登場人物・銀河帝国
canon_reference	ja	銀河英雄伝説の登場人物・銀河帝国	209	ローエングラム陣営	ローエングラム陣営 > ローエングラム陣営の軍人	ハインリッヒ・ランベルツ (Heinrich Lanbertz)	ハインリッヒ・ランベルツ (Heinrich Lanbertz)	https://ja.wikipedia.org/wiki/銀河英雄伝説の登場人物・銀河帝国
canon_reference	ja	銀河英雄伝説の登場人物・銀河帝国	213	ローエングラム陣営	ローエングラム陣営 > ローエングラム陣営の軍人	アイヘンドルフ (Eichendorff)	アイヘンドルフ (Eichendorff)	https://ja.wikipedia.org/wiki/銀河英雄伝説の登場人物・銀河帝国
canon_reference	ja	銀河英雄伝説の登場人物・銀河帝国	217	ローエングラム陣営	ローエングラム陣営 > ローエングラム陣営の軍人	フーセネガー (Fußenegger)	フーセネガー (Fußenegger)	https://ja.wikipedia.org/wiki/銀河英雄伝説の登場人物・銀河帝国
canon_reference	ja	銀河英雄伝説の登場人物・銀河帝国	221	ローエングラム陣営	ローエングラム陣営 > ローエングラム陣営の軍人	モルト (Molt)	モルト (Molt)	https://ja.wikipedia.org/wiki/銀河英雄伝説の登場人物・銀河帝国
canon_reference	ja	銀河英雄伝説の登場人物・銀河帝国	225	ローエングラム陣営	ローエングラム陣営 > ローエングラム陣営の軍人	グレーザー (Graeser)	グレーザー (Graeser)	https://ja.wikipedia.org/wiki/銀河英雄伝説の登場人物・銀河帝国
canon_reference	ja	銀河英雄伝説の登場人物・銀河帝国	229	ローエングラム陣営	ローエングラム陣営 > ローエングラム陣営の軍人	ゾンバルト (Sombardt)	ゾンバルト (Sombardt)	https://ja.wikipedia.org/wiki/銀河英雄伝説の登場人物・銀河帝国
canon_reference	ja	銀河英雄伝説の登場人物・銀河帝国	234	ローエングラム陣営	ローエングラム陣営 > ローエングラム陣営の軍人	ラッツェル (Lattzer)	ラッツェル (Lattzer)	https://ja.wikipedia.org/wiki/銀河英雄伝説の登場人物・銀河帝国
canon_reference	ja	銀河英雄伝説の登場人物・銀河帝国	239	ローエングラム陣営	ローエングラム陣営 > ローエングラム陣営の軍人	オットー・ヴェーラー (Otto Wehler)	オットー・ヴェーラー (Otto Wehler)	https://ja.wikipedia.org/wiki/銀河英雄伝説の登場人物・銀河帝国
canon_reference	ja	銀河英雄伝説の登場人物・銀河帝国	243	ローエングラム陣営	ローエングラム陣営 > ローエングラム陣営の軍人	アルフレット・アロイス・ヴィンクラー (Alfred Alois Winkler)	アルフレット・アロイス・ヴィンクラー (Alfred Alois Winkler)	https://ja.wikipedia.org/wiki/銀河英雄伝説の登場人物・銀河帝国
canon_reference	ja	銀河英雄伝説の登場人物・銀河帝国	246	ローエングラム陣営	ローエングラム陣営 > ローエングラム陣営の軍人	マインホフ (Meinhof)	マインホフ (Meinhof)	https://ja.wikipedia.org/wiki/銀河英雄伝説の登場人物・銀河帝国
canon_reference	ja	銀河英雄伝説の登場人物・銀河帝国	250	ローエングラム陣営	ローエングラム陣営 > ローエングラム陣営の軍人	ホフマイスター (Hoffmeister)	ホフマイスター (Hoffmeister)	https://ja.wikipedia.org/wiki/銀河英雄伝説の登場人物・銀河帝国
canon_reference	ja	銀河英雄伝説の登場人物・銀河帝国	254	ローエングラム陣営	ローエングラム陣営 > ローエングラム陣営の軍人	ヴァーゲンザイル (Wagenseil)	ヴァーゲンザイル (Wagenseil)	https://ja.wikipedia.org/wiki/銀河英雄伝説の登場人物・銀河帝国
canon_reference	ja	銀河英雄伝説の登場人物・銀河帝国	259	ローエングラム陣営	ローエングラム陣営 > ローエングラム陣営の軍人	ヤーコプ・ハウプトマン (Jakob Hauptmann)	ヤーコプ・ハウプトマン (Jakob Hauptmann)	https://ja.wikipedia.org/wiki/銀河英雄伝説の登場人物・銀河帝国
canon_reference	ja	銀河英雄伝説の登場人物・銀河帝国	264	ローエングラム陣営	ローエングラム陣営 > ローエングラム陣営の軍人	クルト (Kurt)	クルト (Kurt)	https://ja.wikipedia.org/wiki/銀河英雄伝説の登場人物・銀河帝国
canon_reference	ja	銀河英雄伝説の登場人物・銀河帝国	268	ローエングラム陣営	ローエングラム陣営 > ローエングラム陣営の軍人	トニオ (Tonio)	トニオ (Tonio)	https://ja.wikipedia.org/wiki/銀河英雄伝説の登場人物・銀河帝国
canon_reference	ja	銀河英雄伝説の登場人物・銀河帝国	272	ローエングラム陣営	ローエングラム陣営 > ローエングラム陣営の軍人	ルイ・ヘルム ()	ルイ・ヘルム ()	https://ja.wikipedia.org/wiki/銀河英雄伝説の登場人物・銀河帝国
canon_reference	ja	銀河英雄伝説の登場人物・銀河帝国	276	ローエングラム陣営	ローエングラム陣営 > ローエングラム陣営の軍人	ウイン・ファンデンベルグ (Winn Vandenberg)	ウイン・ファンデンベルグ (Winn Vandenberg)	https://ja.wikipedia.org/wiki/銀河英雄伝説の登場人物・銀河帝国
canon_reference	ja	銀河英雄伝説の登場人物・銀河帝国	282	ローエングラム陣営	ローエングラム陣営 > ラインハルトの直属艦隊の提督及びブリュンヒルト艦長	イザーク・フェルナンド・フォン・トゥルナイゼン (Isaac Fernand von Turneisen)	イザーク・フェルナンド・フォン・トゥルナイゼン (Isaac Fernand von Turneisen)	https://ja.wikipedia.org/wiki/銀河英雄伝説の登場人物・銀河帝国
canon_reference	ja	銀河英雄伝説の登場人物・銀河帝国	286	ローエングラム陣営	ローエングラム陣営 > ラインハルトの直属艦隊の提督及びブリュンヒルト艦長	ウェルナー・アルトリンゲン (Werner Altringen)	ウェルナー・アルトリンゲン (Werner Altringen)	https://ja.wikipedia.org/wiki/銀河英雄伝説の登場人物・銀河帝国
canon_reference	ja	銀河英雄伝説の登場人物・銀河帝国	291	ローエングラム陣営	ローエングラム陣営 > ラインハルトの直属艦隊の提督及びブリュンヒルト艦長	ロルフ・オットー・ブラウヒッチ (Rolf Otto Brauhitsch)	ロルフ・オットー・ブラウヒッチ (Rolf Otto Brauhitsch)	https://ja.wikipedia.org/wiki/銀河英雄伝説の登場人物・銀河帝国
canon_reference	ja	銀河英雄伝説の登場人物・銀河帝国	295	ローエングラム陣営	ローエングラム陣営 > ラインハルトの直属艦隊の提督及びブリュンヒルト艦長	ディートリッヒ・ザウケン (Dietrich Sauken)	ディートリッヒ・ザウケン (Dietrich Sauken)	https://ja.wikipedia.org/wiki/銀河英雄伝説の登場人物・銀河帝国
canon_reference	ja	銀河英雄伝説の登場人物・銀河帝国	300	ローエングラム陣営	ローエングラム陣営 > ラインハルトの直属艦隊の提督及びブリュンヒルト艦長	カルナップ (Karnapp)	カルナップ (Karnapp)	https://ja.wikipedia.org/wiki/銀河英雄伝説の登場人物・銀河帝国
canon_reference	ja	銀河英雄伝説の登場人物・銀河帝国	304	ローエングラム陣営	ローエングラム陣営 > ラインハルトの直属艦隊の提督及びブリュンヒルト艦長	グリューネマン (Grunemann)	グリューネマン (Grunemann)	https://ja.wikipedia.org/wiki/銀河英雄伝説の登場人物・銀河帝国
canon_reference	ja	銀河英雄伝説の登場人物・銀河帝国	308	ローエングラム陣営	ローエングラム陣営 > ラインハルトの直属艦隊の提督及びブリュンヒルト艦長	ロイシュナー (Leuschner)	ロイシュナー (Leuschner)	https://ja.wikipedia.org/wiki/銀河英雄伝説の登場人物・銀河帝国
canon_reference	ja	銀河英雄伝説の登場人物・銀河帝国	311	ローエングラム陣営	ローエングラム陣営 > ラインハルトの直属艦隊の提督及びブリュンヒルト艦長	ニーメラー (Niemeller)	ニーメラー (Niemeller)	https://ja.wikipedia.org/wiki/銀河英雄伝説の登場人物・銀河帝国
canon_reference	ja	銀河英雄伝説の登場人物・銀河帝国	314	ローエングラム陣営	ローエングラム陣営 > ラインハルトの直属艦隊の提督及びブリュンヒルト艦長	ジークベルト・ザイドリッツ (Siegbert Seidritz)	ジークベルト・ザイドリッツ (Siegbert Seidritz)	https://ja.wikipedia.org/wiki/銀河英雄伝説の登場人物・銀河帝国
canon_reference	ja	銀河英雄伝説の登場人物・銀河帝国	321	ローエングラム陣営	ローエングラム陣営 > 憲兵隊	ブレンターノ (Brentahno)	ブレンターノ (Brentahno)	https://ja.wikipedia.org/wiki/銀河英雄伝説の登場人物・銀河帝国
canon_reference	ja	銀河英雄伝説の登場人物・銀河帝国	326	ローエングラム陣営	ローエングラム陣営 > 憲兵隊	パウマン (Paumann)	パウマン (Paumann)	https://ja.wikipedia.org/wiki/銀河英雄伝説の登場人物・銀河帝国
canon_reference	ja	銀河英雄伝説の登場人物・銀河帝国	330	ローエングラム陣営	ローエングラム陣営 > 憲兵隊	ラフト (Raft)	ラフト (Raft)	https://ja.wikipedia.org/wiki/銀河英雄伝説の登場人物・銀河帝国
canon_reference	ja	銀河英雄伝説の登場人物・銀河帝国	336	ローエングラム陣営	ローエングラム陣営 > ローエングラム朝の官僚・行政官	フランツ・フォン・マリーンドルフ (Franz von Mariendorf)	フランツ・フォン・マリーンドルフ (Franz von Mariendorf)	https://ja.wikipedia.org/wiki/銀河英雄伝説の登場人物・銀河帝国
canon_reference	ja	銀河英雄伝説の登場人物・銀河帝国	342	ローエングラム陣営	ローエングラム陣営 > ローエングラム朝の官僚・行政官	ハイドリッヒ・ラング (Heydrich Lang)	ハイドリッヒ・ラング (Heydrich Lang)	https://ja.wikipedia.org/wiki/銀河英雄伝説の登場人物・銀河帝国
canon_reference	ja	銀河英雄伝説の登場人物・銀河帝国	349	ローエングラム陣営	ローエングラム陣営 > ローエングラム朝の官僚・行政官	ブルーノ・フォン・シルヴァーベルヒ (Bruno von Schilverberch)	ブルーノ・フォン・シルヴァーベルヒ (Bruno von Schilverberch)	https://ja.wikipedia.org/wiki/銀河英雄伝説の登場人物・銀河帝国
canon_reference	ja	銀河英雄伝説の登場人物・銀河帝国	354	ローエングラム陣営	ローエングラム陣営 > ローエングラム朝の官僚・行政官	グルック (Gruck)	グルック (Gruck)	https://ja.wikipedia.org/wiki/銀河英雄伝説の登場人物・銀河帝国
canon_reference	ja	銀河英雄伝説の登場人物・銀河帝国	359	ローエングラム陣営	ローエングラム陣営 > ローエングラム朝の官僚・行政官	カール・ブラッケ (Karl Bracke)	カール・ブラッケ (Karl Bracke)	https://ja.wikipedia.org/wiki/銀河英雄伝説の登場人物・銀河帝国
canon_reference	ja	銀河英雄伝説の登場人物・銀河帝国	364	ローエングラム陣営	ローエングラム陣営 > ローエングラム朝の官僚・行政官	オイゲン・リヒター (Eugen Richter)	オイゲン・リヒター (Eugen Richter)	https://ja.wikipedia.org/wiki/銀河英雄伝説の登場人物・銀河帝国
canon_reference	ja	銀河英雄伝説の登場人物・銀河帝国	369	ローエングラム陣営	ローエングラム陣営 > ローエングラム朝の官僚・行政官	ブルックドルフ (Bruckdorf)	ブルックドルフ (Bruckdorf)	https://ja.wikipedia.org/wiki/銀河英雄伝説の登場人物・銀河帝国
canon_reference	ja	銀河英雄伝説の登場人物・銀河帝国	374	ローエングラム陣営	ローエングラム陣営 > ローエングラム朝の官僚・行政官	ウド・デイター・フンメル (Udo Dater Fummel)	ウド・デイター・フンメル (Udo Dater Fummel)	https://ja.wikipedia.org/wiki/銀河英雄伝説の登場人物・銀河帝国
canon_reference	ja	銀河英雄伝説の登場人物・銀河帝国	378	ローエングラム陣営	ローエングラム陣営 > ローエングラム朝の官僚・行政官	ユリウス・エルスハイマー (Julius Elsheimer)	ユリウス・エルスハイマー (Julius Elsheimer)	https://ja.wikipedia.org/wiki/銀河英雄伝説の登場人物・銀河帝国
canon_reference	ja	銀河英雄伝説の登場人物・銀河帝国	382	ローエングラム陣営	ローエングラム陣営 > ローエングラム朝の官僚・行政官	ニコラス・ボルテック	ニコラス・ボルテック	https://ja.wikipedia.org/wiki/銀河英雄伝説の登場人物・銀河帝国
canon_reference	ja	銀河英雄伝説の登場人物・銀河帝国	385	ローエングラム陣営	ローエングラム陣営 > ローエングラム朝の官僚・行政官	ヨブ・トリューニヒト	ヨブ・トリューニヒト	https://ja.wikipedia.org/wiki/銀河英雄伝説の登場人物・銀河帝国
canon_reference	ja	銀河英雄伝説の登場人物・銀河帝国	390	主要人物の家族・縁者	主要人物の家族・縁者	エヴァンゼリン・ミッターマイヤー (Ewanselin Mittermeyer)	エヴァンゼリン・ミッターマイヤー (Ewanselin Mittermeyer)	https://ja.wikipedia.org/wiki/銀河英雄伝説の登場人物・銀河帝国
canon_reference	ja	銀河英雄伝説の登場人物・銀河帝国	395	主要人物の家族・縁者	主要人物の家族・縁者	フェリックス・ミッターマイヤー (Felix Mittermeyer)	フェリックス・ミッターマイヤー (Felix Mittermeyer)	https://ja.wikipedia.org/wiki/銀河英雄伝説の登場人物・銀河帝国
canon_reference	ja	銀河英雄伝説の登場人物・銀河帝国	400	主要人物の家族・縁者	主要人物の家族・縁者	ハインリッヒ・フォン・キュンメル (Heinrich von Künmel)	ハインリッヒ・フォン・キュンメル (Heinrich von Künmel)	https://ja.wikipedia.org/wiki/銀河英雄伝説の登場人物・銀河帝国
canon_reference	ja	銀河英雄伝説の登場人物・銀河帝国	405	主要人物の家族・縁者	主要人物の家族・縁者	マリーカ・フォン・フォイエルバッハ (Marika von Feuerbach)	マリーカ・フォン・フォイエルバッハ (Marika von Feuerbach)	https://ja.wikipedia.org/wiki/銀河英雄伝説の登場人物・銀河帝国
canon_reference	ja	銀河英雄伝説の登場人物・銀河帝国	410	主要人物の家族・縁者	主要人物の家族・縁者	キルヒアイスの両親	キルヒアイスの両親	https://ja.wikipedia.org/wiki/銀河英雄伝説の登場人物・銀河帝国
canon_reference	ja	銀河英雄伝説の登場人物・銀河帝国	413	主要人物の家族・縁者	主要人物の家族・縁者	ミッターマイヤーの両親	ミッターマイヤーの両親	https://ja.wikipedia.org/wiki/銀河英雄伝説の登場人物・銀河帝国
canon_reference	ja	銀河英雄伝説の登場人物・銀河帝国	417	主要人物の家族・縁者	主要人物の家族・縁者	ロイエンタールの父	ロイエンタールの父	https://ja.wikipedia.org/wiki/銀河英雄伝説の登場人物・銀河帝国
canon_reference	ja	銀河英雄伝説の登場人物・銀河帝国	421	主要人物の家族・縁者	主要人物の家族・縁者	レオノラ・フォン・ロイエンタール (Leonora von Reuenthal)	レオノラ・フォン・ロイエンタール (Leonora von Reuenthal)	https://ja.wikipedia.org/wiki/銀河英雄伝説の登場人物・銀河帝国
canon_reference	ja	銀河英雄伝説の登場人物・銀河帝国	425	主要人物の家族・縁者	主要人物の家族・縁者	クララ (Klara)	クララ (Klara)	https://ja.wikipedia.org/wiki/銀河英雄伝説の登場人物・銀河帝国
canon_reference	ja	銀河英雄伝説の登場人物・銀河帝国	428	主要人物の家族・縁者	主要人物の家族・縁者	ラーベナルト (Rabenardt)	ラーベナルト (Rabenardt)	https://ja.wikipedia.org/wiki/銀河英雄伝説の登場人物・銀河帝国
canon_reference	ja	銀河英雄伝説の登場人物・銀河帝国	432	主要人物の家族・縁者	主要人物の家族・縁者	ハンス・シュテルツァー	ハンス・シュテルツァー	https://ja.wikipedia.org/wiki/銀河英雄伝説の登場人物・銀河帝国
canon_reference	ja	銀河英雄伝説の登場人物・銀河帝国	441	ゴールデンバウム王朝	ゴールデンバウム王朝 > 皇帝・皇族	フリードリヒ4世 (Friedrich IV)	フリードリヒ4世 (Friedrich IV)	https://ja.wikipedia.org/wiki/銀河英雄伝説の登場人物・銀河帝国
canon_reference	ja	銀河英雄伝説の登場人物・銀河帝国	448	ゴールデンバウム王朝	ゴールデンバウム王朝 > 皇帝・皇族	ルードヴィヒ	ルードヴィヒ	https://ja.wikipedia.org/wiki/銀河英雄伝説の登場人物・銀河帝国
canon_reference	ja	銀河英雄伝説の登場人物・銀河帝国	452	ゴールデンバウム王朝	ゴールデンバウム王朝 > 皇帝・皇族	エルウィン・ヨーゼフ2世 (Erwin Josef II)	エルウィン・ヨーゼフ2世 (Erwin Josef II)	https://ja.wikipedia.org/wiki/銀河英雄伝説の登場人物・銀河帝国
canon_reference	ja	銀河英雄伝説の登場人物・銀河帝国	458	ゴールデンバウム王朝	ゴールデンバウム王朝 > 皇帝・皇族	カザリン・ケートヘン1世 (Kasarin Katchen I)	カザリン・ケートヘン1世 (Kasarin Katchen I)	https://ja.wikipedia.org/wiki/銀河英雄伝説の登場人物・銀河帝国
canon_reference	ja	銀河英雄伝説の登場人物・銀河帝国	463	ゴールデンバウム王朝	ゴールデンバウム王朝 > 皇帝・皇族	シュザンナ・フォン・ベーネミュンデ (Susanna von Benemünde)	シュザンナ・フォン・ベーネミュンデ (Susanna von Benemünde)	https://ja.wikipedia.org/wiki/銀河英雄伝説の登場人物・銀河帝国
canon_reference	ja	銀河英雄伝説の登場人物・銀河帝国	470	ゴールデンバウム王朝	ゴールデンバウム王朝 > 皇帝・皇族	リヒャルト	リヒャルト	https://ja.wikipedia.org/wiki/銀河英雄伝説の登場人物・銀河帝国
canon_reference	ja	銀河英雄伝説の登場人物・銀河帝国	473	ゴールデンバウム王朝	ゴールデンバウム王朝 > 皇帝・皇族	クレメンツ	クレメンツ	https://ja.wikipedia.org/wiki/銀河英雄伝説の登場人物・銀河帝国
canon_reference	ja	銀河英雄伝説の登場人物・銀河帝国	478	ゴールデンバウム王朝	ゴールデンバウム王朝 > ゴールデンバウム朝の官僚・行政官	クラウス・フォン・リヒテンラーデ (Klaus von Lichtenlade)	クラウス・フォン・リヒテンラーデ (Klaus von Lichtenlade)	https://ja.wikipedia.org/wiki/銀河英雄伝説の登場人物・銀河帝国
canon_reference	ja	銀河英雄伝説の登場人物・銀河帝国	484	ゴールデンバウム王朝	ゴールデンバウム王朝 > ゴールデンバウム朝の官僚・行政官	ゲルラッハ (Gelrach)	ゲルラッハ (Gelrach)	https://ja.wikipedia.org/wiki/銀河英雄伝説の登場人物・銀河帝国
canon_reference	ja	銀河英雄伝説の登場人物・銀河帝国	490	ゴールデンバウム王朝	ゴールデンバウム王朝 > ゴールデンバウム朝の官僚・行政官	ヨッフェン・フォン・レムシャイド (Jochen von Lemscheid)	ヨッフェン・フォン・レムシャイド (Jochen von Lemscheid)	https://ja.wikipedia.org/wiki/銀河英雄伝説の登場人物・銀河帝国
canon_reference	ja	銀河英雄伝説の登場人物・銀河帝国	493	ゴールデンバウム王朝	ゴールデンバウム王朝 > ゴールデンバウム朝の官僚・行政官	オイゲン・フォン・カストロプ (Eugen von Kastropf)	オイゲン・フォン・カストロプ (Eugen von Kastropf)	https://ja.wikipedia.org/wiki/銀河英雄伝説の登場人物・銀河帝国
canon_reference	ja	銀河英雄伝説の登場人物・銀河帝国	498	ゴールデンバウム王朝	ゴールデンバウム王朝 > ゴールデンバウム朝の官僚・行政官	ワイツ (Weitz)	ワイツ (Weitz)	https://ja.wikipedia.org/wiki/銀河英雄伝説の登場人物・銀河帝国
canon_reference	ja	銀河英雄伝説の登場人物・銀河帝国	502	ゴールデンバウム王朝	ゴールデンバウム王朝 > ゴールデンバウム朝の官僚・行政官	オッペンハイマー	オッペンハイマー	https://ja.wikipedia.org/wiki/銀河英雄伝説の登場人物・銀河帝国
canon_reference	ja	銀河英雄伝説の登場人物・銀河帝国	509	ゴールデンバウム王朝	ゴールデンバウム王朝 > ゴールデンバウム朝の軍人	エーレンベルク (Ehrenberg)	エーレンベルク (Ehrenberg)	https://ja.wikipedia.org/wiki/銀河英雄伝説の登場人物・銀河帝国
canon_reference	ja	銀河英雄伝説の登場人物・銀河帝国	513	ゴールデンバウム王朝	ゴールデンバウム王朝 > ゴールデンバウム朝の軍人	シュタインホフ (Steinhof)	シュタインホフ (Steinhof)	https://ja.wikipedia.org/wiki/銀河英雄伝説の登場人物・銀河帝国
canon_reference	ja	銀河英雄伝説の登場人物・銀河帝国	517	ゴールデンバウム王朝	ゴールデンバウム王朝 > ゴールデンバウム朝の軍人	グレゴール・フォン・ミュッケンベルガー (Gregor von Mückenberger)	グレゴール・フォン・ミュッケンベルガー (Gregor von Mückenberger)	https://ja.wikipedia.org/wiki/銀河英雄伝説の登場人物・銀河帝国
canon_reference	ja	銀河英雄伝説の登場人物・銀河帝国	526	ゴールデンバウム王朝	ゴールデンバウム王朝 > ゴールデンバウム朝の軍人	クラーゼン (Klasen)	クラーゼン (Klasen)	https://ja.wikipedia.org/wiki/銀河英雄伝説の登場人物・銀河帝国
canon_reference	ja	銀河英雄伝説の登場人物・銀河帝国	530	ゴールデンバウム王朝	ゴールデンバウム王朝 > ゴールデンバウム朝の軍人	オフレッサー (Ovlesser)	オフレッサー (Ovlesser)	https://ja.wikipedia.org/wiki/銀河英雄伝説の登場人物・銀河帝国
canon_reference	ja	銀河英雄伝説の登場人物・銀河帝国	533	ゴールデンバウム王朝	ゴールデンバウム王朝 > ゴールデンバウム朝の軍人	ウィリバルト・ヨアヒム・フォン・メルカッツ	ウィリバルト・ヨアヒム・フォン・メルカッツ	https://ja.wikipedia.org/wiki/銀河英雄伝説の登場人物・銀河帝国
canon_reference	ja	銀河英雄伝説の登場人物・銀河帝国	536	ゴールデンバウム王朝	ゴールデンバウム王朝 > ゴールデンバウム朝の軍人	トーマ・フォン・シュトックハウゼン (Thoma von Stockhausen)	トーマ・フォン・シュトックハウゼン (Thoma von Stockhausen)	https://ja.wikipedia.org/wiki/銀河英雄伝説の登場人物・銀河帝国
canon_reference	ja	銀河英雄伝説の登場人物・銀河帝国	542	ゴールデンバウム王朝	ゴールデンバウム王朝 > ゴールデンバウム朝の軍人	ハンス・ディートリヒ・フォン・ゼークト (Hans Dietrich von Seeckt)	ハンス・ディートリヒ・フォン・ゼークト (Hans Dietrich von Seeckt)	https://ja.wikipedia.org/wiki/銀河英雄伝説の登場人物・銀河帝国
canon_reference	ja	銀河英雄伝説の登場人物・銀河帝国	548	ゴールデンバウム王朝	ゴールデンバウム王朝 > ゴールデンバウム朝の軍人	アントン・ヒルマー・フォン・シャフト (Anton Hilmer von Schaft)	アントン・ヒルマー・フォン・シャフト (Anton Hilmer von Schaft)	https://ja.wikipedia.org/wiki/銀河英雄伝説の登場人物・銀河帝国
canon_reference	ja	銀河英雄伝説の登場人物・銀河帝国	553	ゴールデンバウム王朝	ゴールデンバウム王朝 > ゴールデンバウム朝の軍人	シュターデン (Staaden)	シュターデン (Staaden)	https://ja.wikipedia.org/wiki/銀河英雄伝説の登場人物・銀河帝国
canon_reference	ja	銀河英雄伝説の登場人物・銀河帝国	556	ゴールデンバウム王朝	ゴールデンバウム王朝 > ゴールデンバウム朝の軍人	フォーゲル (Fogel)	フォーゲル (Fogel)	https://ja.wikipedia.org/wiki/銀河英雄伝説の登場人物・銀河帝国
canon_reference	ja	銀河英雄伝説の登場人物・銀河帝国	561	ゴールデンバウム王朝	ゴールデンバウム王朝 > ゴールデンバウム朝の軍人	アーダルベルト・フォン・ファーレンハイト	アーダルベルト・フォン・ファーレンハイト	https://ja.wikipedia.org/wiki/銀河英雄伝説の登場人物・銀河帝国
canon_reference	ja	銀河英雄伝説の登場人物・銀河帝国	564	ゴールデンバウム王朝	ゴールデンバウム王朝 > ゴールデンバウム朝の軍人	エルラッハ (Elrach)	エルラッハ (Elrach)	https://ja.wikipedia.org/wiki/銀河英雄伝説の登場人物・銀河帝国
canon_reference	ja	銀河英雄伝説の登場人物・銀河帝国	568	ゴールデンバウム王朝	ゴールデンバウム王朝 > ゴールデンバウム朝の軍人	シュムーデ (Schmude)	シュムーデ (Schmude)	https://ja.wikipedia.org/wiki/銀河英雄伝説の登場人物・銀河帝国
canon_reference	ja	銀河英雄伝説の登場人物・銀河帝国	573	ゴールデンバウム王朝	ゴールデンバウム王朝 > ゴールデンバウム朝の軍人	レムラー (Lemmler)	レムラー (Lemmler)	https://ja.wikipedia.org/wiki/銀河英雄伝説の登場人物・銀河帝国
canon_reference	ja	銀河英雄伝説の登場人物・銀河帝国	578	ゴールデンバウム王朝	ゴールデンバウム王朝 > ゴールデンバウム朝の軍人	ゲッツ (Goetz)	ゲッツ (Goetz)	https://ja.wikipedia.org/wiki/銀河英雄伝説の登場人物・銀河帝国
canon_reference	ja	銀河英雄伝説の登場人物・銀河帝国	586	ゴールデンバウム王朝	ゴールデンバウム王朝 > その他の貴族（ゴールデンバウム）	エルフリーデ・フォン・コールラウシュ (Elfride von Kohlrausch)	エルフリーデ・フォン・コールラウシュ (Elfride von Kohlrausch)	https://ja.wikipedia.org/wiki/銀河英雄伝説の登場人物・銀河帝国
canon_reference	ja	銀河英雄伝説の登場人物・銀河帝国	591	ゴールデンバウム王朝	ゴールデンバウム王朝 > その他の貴族（ゴールデンバウム）	ウィルヘルム・フォン・クロプシュトック (Wilhelm von Klopstock)	ウィルヘルム・フォン・クロプシュトック (Wilhelm von Klopstock)	https://ja.wikipedia.org/wiki/銀河英雄伝説の登場人物・銀河帝国
canon_reference	ja	銀河英雄伝説の登場人物・銀河帝国	596	ゴールデンバウム王朝	ゴールデンバウム王朝 > その他の貴族（ゴールデンバウム）	ユルゲン・オファー・フォン・ペクニッツ (Peknitz)	ユルゲン・オファー・フォン・ペクニッツ (Peknitz)	https://ja.wikipedia.org/wiki/銀河英雄伝説の登場人物・銀河帝国
canon_reference	ja	銀河英雄伝説の登場人物・銀河帝国	599	ゴールデンバウム王朝	ゴールデンバウム王朝 > その他の貴族（ゴールデンバウム）	マクシミリアン・フォン・カストロプ (Maximillian von Kastropf)	マクシミリアン・フォン・カストロプ (Maximillian von Kastropf)	https://ja.wikipedia.org/wiki/銀河英雄伝説の登場人物・銀河帝国
canon_reference	ja	銀河英雄伝説の登場人物・銀河帝国	612	ゴールデンバウム王朝	ゴールデンバウム王朝 > その他の貴族（ゴールデンバウム）	エリザベート・フォン・カストロプ	エリザベート・フォン・カストロプ	https://ja.wikipedia.org/wiki/銀河英雄伝説の登場人物・銀河帝国
canon_reference	ja	銀河英雄伝説の登場人物・銀河帝国	618	ゴールデンバウム王朝	ゴールデンバウム王朝 > その他の人物	グレーザー (Graeser)	グレーザー (Graeser)	https://ja.wikipedia.org/wiki/銀河英雄伝説の登場人物・銀河帝国
canon_reference	ja	銀河英雄伝説の登場人物・銀河帝国	623	ゴールデンバウム王朝	ゴールデンバウム王朝 > その他の人物	ベーネミュンデ侯爵夫人の執事	ベーネミュンデ侯爵夫人の執事	https://ja.wikipedia.org/wiki/銀河英雄伝説の登場人物・銀河帝国
canon_reference	ja	銀河英雄伝説の登場人物・銀河帝国	629	門閥貴族とリップシュタット陣営	門閥貴族とリップシュタット陣営 > 門閥貴族	オットー・フォン・ブラウンシュヴァイク (Otto von Braunschweig)	オットー・フォン・ブラウンシュヴァイク (Otto von Braunschweig)	https://ja.wikipedia.org/wiki/銀河英雄伝説の登場人物・銀河帝国
canon_reference	ja	銀河英雄伝説の登場人物・銀河帝国	637	門閥貴族とリップシュタット陣営	門閥貴族とリップシュタット陣営 > 門閥貴族	ウィルヘルム・フォン・リッテンハイム3世 (Wilhelm von Rittenheim III)	ウィルヘルム・フォン・リッテンハイム3世 (Wilhelm von Rittenheim III)	https://ja.wikipedia.org/wiki/銀河英雄伝説の登場人物・銀河帝国
canon_reference	ja	銀河英雄伝説の登場人物・銀河帝国	643	門閥貴族とリップシュタット陣営	門閥貴族とリップシュタット陣営 > 門閥貴族	フレーゲル (Flegel)	フレーゲル (Flegel)	https://ja.wikipedia.org/wiki/銀河英雄伝説の登場人物・銀河帝国
canon_reference	ja	銀河英雄伝説の登場人物・銀河帝国	652	門閥貴族とリップシュタット陣営	門閥貴族とリップシュタット陣営 > 門閥貴族	アルフレット・フォン・ランズベルク (Alfred von Landsberg)	アルフレット・フォン・ランズベルク (Alfred von Landsberg)	https://ja.wikipedia.org/wiki/銀河英雄伝説の登場人物・銀河帝国
canon_reference	ja	銀河英雄伝説の登場人物・銀河帝国	656	門閥貴族とリップシュタット陣営	門閥貴族とリップシュタット陣営 > 門閥貴族	ヒルデスハイム (Hildesheim)	ヒルデスハイム (Hildesheim)	https://ja.wikipedia.org/wiki/銀河英雄伝説の登場人物・銀河帝国
canon_reference	ja	銀河英雄伝説の登場人物・銀河帝国	662	門閥貴族とリップシュタット陣営	門閥貴族とリップシュタット陣営 > 門閥貴族	アマーリエ・フォン・ブラウンシュヴァイク	アマーリエ・フォン・ブラウンシュヴァイク	https://ja.wikipedia.org/wiki/銀河英雄伝説の登場人物・銀河帝国
canon_reference	ja	銀河英雄伝説の登場人物・銀河帝国	664	門閥貴族とリップシュタット陣営	門閥貴族とリップシュタット陣営 > 門閥貴族	エリザベート・フォン・ブラウンシュヴァイク (Elisabeth von Braunschweig)	エリザベート・フォン・ブラウンシュヴァイク (Elisabeth von Braunschweig)	https://ja.wikipedia.org/wiki/銀河英雄伝説の登場人物・銀河帝国
canon_reference	ja	銀河英雄伝説の登場人物・銀河帝国	670	門閥貴族とリップシュタット陣営	門閥貴族とリップシュタット陣営 > 門閥貴族	クリスティーネ・フォン・リッテンハイム (Kristine von Rittenheim)	クリスティーネ・フォン・リッテンハイム (Kristine von Rittenheim)	https://ja.wikipedia.org/wiki/銀河英雄伝説の登場人物・銀河帝国
canon_reference	ja	銀河英雄伝説の登場人物・銀河帝国	673	門閥貴族とリップシュタット陣営	門閥貴族とリップシュタット陣営 > 門閥貴族	サビーネ・フォン・リッテンハイム	サビーネ・フォン・リッテンハイム	https://ja.wikipedia.org/wiki/銀河英雄伝説の登場人物・銀河帝国
canon_reference	ja	銀河英雄伝説の登場人物・銀河帝国	680	門閥貴族とリップシュタット陣営	門閥貴族とリップシュタット陣営 > 門閥貴族	シャイド (Scheid)	シャイド (Scheid)	https://ja.wikipedia.org/wiki/銀河英雄伝説の登場人物・銀河帝国
canon_reference	ja	銀河英雄伝説の登場人物・銀河帝国	685	門閥貴族とリップシュタット陣営	門閥貴族とリップシュタット陣営 > 貴族連合軍の軍人	ウィリバルト・ヨアヒム・フォン・メルカッツ	ウィリバルト・ヨアヒム・フォン・メルカッツ	https://ja.wikipedia.org/wiki/銀河英雄伝説の登場人物・銀河帝国
canon_reference	ja	銀河英雄伝説の登場人物・銀河帝国	687	門閥貴族とリップシュタット陣営	門閥貴族とリップシュタット陣営 > 貴族連合軍の軍人	アーダルベルト・フォン・ファーレンハイト	アーダルベルト・フォン・ファーレンハイト	https://ja.wikipedia.org/wiki/銀河英雄伝説の登場人物・銀河帝国
canon_reference	ja	銀河英雄伝説の登場人物・銀河帝国	689	門閥貴族とリップシュタット陣営	門閥貴族とリップシュタット陣営 > 貴族連合軍の軍人	アンスバッハ (Ansbach)	アンスバッハ (Ansbach)	https://ja.wikipedia.org/wiki/銀河英雄伝説の登場人物・銀河帝国
canon_reference	ja	銀河英雄伝説の登場人物・銀河帝国	696	門閥貴族とリップシュタット陣営	門閥貴族とリップシュタット陣営 > 貴族連合軍の軍人	オフレッサー (Ofresser)	オフレッサー (Ofresser)	https://ja.wikipedia.org/wiki/銀河英雄伝説の登場人物・銀河帝国
canon_reference	ja	銀河英雄伝説の登場人物・銀河帝国	703	門閥貴族とリップシュタット陣営	門閥貴族とリップシュタット陣営 > 貴族連合軍の軍人	シュターデン (Staaden)	シュターデン (Staaden)	https://ja.wikipedia.org/wiki/銀河英雄伝説の登場人物・銀河帝国
canon_reference	ja	銀河英雄伝説の登場人物・銀河帝国	715	門閥貴族とリップシュタット陣営	門閥貴族とリップシュタット陣営 > 貴族連合軍の軍人	レオポルド・シューマッハ (Leopord Schumacher)	レオポルド・シューマッハ (Leopord Schumacher)	https://ja.wikipedia.org/wiki/銀河英雄伝説の登場人物・銀河帝国
canon_reference	ja	銀河英雄伝説の登場人物・銀河帝国	717	門閥貴族とリップシュタット陣営	門閥貴族とリップシュタット陣営 > 貴族連合軍の軍人	ラウディッツ (Rauditz)	ラウディッツ (Rauditz)	https://ja.wikipedia.org/wiki/銀河英雄伝説の登場人物・銀河帝国
canon_reference	ja	銀河英雄伝説の登場人物・銀河帝国	723	銀河帝国正統政府	銀河帝国正統政府	エルウィン・ヨーゼフ2世	エルウィン・ヨーゼフ2世	https://ja.wikipedia.org/wiki/銀河英雄伝説の登場人物・銀河帝国
canon_reference	ja	銀河英雄伝説の登場人物・銀河帝国	726	銀河帝国正統政府	銀河帝国正統政府	ヨッフェン・フォン・レムシャイド	ヨッフェン・フォン・レムシャイド	https://ja.wikipedia.org/wiki/銀河英雄伝説の登場人物・銀河帝国
canon_reference	ja	銀河英雄伝説の登場人物・銀河帝国	731	銀河帝国正統政府	銀河帝国正統政府	アルフレット・フォン・ランズベルク (Alfred von Landsberg)	アルフレット・フォン・ランズベルク (Alfred von Landsberg)	https://ja.wikipedia.org/wiki/銀河英雄伝説の登場人物・銀河帝国
canon_reference	ja	銀河英雄伝説の登場人物・銀河帝国	738	銀河帝国正統政府	銀河帝国正統政府	レオポルド・シューマッハ (Leopord Schumacher)	レオポルド・シューマッハ (Leopord Schumacher)	https://ja.wikipedia.org/wiki/銀河英雄伝説の登場人物・銀河帝国
canon_reference	ja	銀河英雄伝説の登場人物・銀河帝国	746	銀河帝国正統政府	銀河帝国正統政府	ウィリバルト・ヨアヒム・フォン・メルカッツ	ウィリバルト・ヨアヒム・フォン・メルカッツ	https://ja.wikipedia.org/wiki/銀河英雄伝説の登場人物・銀河帝国
canon_reference	ja	銀河英雄伝説の登場人物・銀河帝国	751	その他の貴族	その他の貴族	マグダレーナ・フォン・ヴェストパーレ (Magdalena von Westphale)	マグダレーナ・フォン・ヴェストパーレ (Magdalena von Westphale)	https://ja.wikipedia.org/wiki/銀河英雄伝説の登場人物・銀河帝国
canon_reference	ja	銀河英雄伝説の登場人物・銀河帝国	756	その他の貴族	その他の貴族	ドロテーア・フォン・シャフハウゼン (Drothea von Schaffhausen)	ドロテーア・フォン・シャフハウゼン (Drothea von Schaffhausen)	https://ja.wikipedia.org/wiki/銀河英雄伝説の登場人物・銀河帝国
canon_reference	ja	銀河英雄伝説の登場人物・銀河帝国	761	その他の貴族	その他の貴族	シャフハウゼン (Schaffhausen)	シャフハウゼン (Schaffhausen)	https://ja.wikipedia.org/wiki/銀河英雄伝説の登場人物・銀河帝国
canon_reference	ja	銀河英雄伝説の登場人物・銀河帝国	766	その他の貴族	その他の貴族	コルヴィッツ	コルヴィッツ	https://ja.wikipedia.org/wiki/銀河英雄伝説の登場人物・銀河帝国
canon_reference	ja	銀河英雄伝説の登場人物・銀河帝国	775	外伝・オリジナルエピソードの登場人物	外伝・オリジナルエピソードの登場人物 > 螺旋迷宮	クリストフ・フォン・ケーフェンヒラー (Christof von Köfenhiller)	クリストフ・フォン・ケーフェンヒラー (Christof von Köfenhiller)	https://ja.wikipedia.org/wiki/銀河英雄伝説の登場人物・銀河帝国
canon_reference	ja	銀河英雄伝説の登場人物・銀河帝国	778	外伝・オリジナルエピソードの登場人物	外伝・オリジナルエピソードの登場人物 > 螺旋迷宮	プレスブルク (Pressburg)	プレスブルク (Pressburg)	https://ja.wikipedia.org/wiki/銀河英雄伝説の登場人物・銀河帝国
canon_reference	ja	銀河英雄伝説の登場人物・銀河帝国	783	外伝・オリジナルエピソードの登場人物	外伝・オリジナルエピソードの登場人物 > 白銀の谷	ヘルダー (Helder)	ヘルダー (Helder)	https://ja.wikipedia.org/wiki/銀河英雄伝説の登場人物・銀河帝国
canon_reference	ja	銀河英雄伝説の登場人物・銀河帝国	789	外伝・オリジナルエピソードの登場人物	外伝・オリジナルエピソードの登場人物 > 白銀の谷	フーゲンベルヒ (Fugenberch)	フーゲンベルヒ (Fugenberch)	https://ja.wikipedia.org/wiki/銀河英雄伝説の登場人物・銀河帝国
canon_reference	ja	銀河英雄伝説の登場人物・銀河帝国	794	外伝・オリジナルエピソードの登場人物	外伝・オリジナルエピソードの登場人物 > 白銀の谷	マーテル	マーテル	https://ja.wikipedia.org/wiki/銀河英雄伝説の登場人物・銀河帝国
canon_reference	ja	銀河英雄伝説の登場人物・銀河帝国	800	外伝・オリジナルエピソードの登場人物	外伝・オリジナルエピソードの登場人物 > 黄金の翼	ヴァルテンベルク (Wartenberg)	ヴァルテンベルク (Wartenberg)	https://ja.wikipedia.org/wiki/銀河英雄伝説の登場人物・銀河帝国
canon_reference	ja	銀河英雄伝説の登場人物・銀河帝国	804	外伝・オリジナルエピソードの登場人物	外伝・オリジナルエピソードの登場人物 > 黄金の翼	クライスト (Kleist)	クライスト (Kleist)	https://ja.wikipedia.org/wiki/銀河英雄伝説の登場人物・銀河帝国
canon_reference	ja	銀河英雄伝説の登場人物・銀河帝国	808	外伝・オリジナルエピソードの登場人物	外伝・オリジナルエピソードの登場人物 > 黄金の翼	グレゴール・フォン・クルムバッハ (Gregor von Kulmbach)	グレゴール・フォン・クルムバッハ (Gregor von Kulmbach)	https://ja.wikipedia.org/wiki/銀河英雄伝説の登場人物・銀河帝国
canon_reference	ja	銀河英雄伝説の登場人物・銀河帝国	814	外伝・オリジナルエピソードの登場人物	外伝・オリジナルエピソードの登場人物 > 朝の夢、夜の歌	ゲアハルト・フォン・シュテーガー (Gerhard von Staeger)	ゲアハルト・フォン・シュテーガー (Gerhard von Staeger)	https://ja.wikipedia.org/wiki/銀河英雄伝説の登場人物・銀河帝国
canon_reference	ja	銀河英雄伝説の登場人物・銀河帝国	821	外伝・オリジナルエピソードの登場人物	外伝・オリジナルエピソードの登場人物 > 朝の夢、夜の歌	モーリッツ・フォン・ハーゼ (Morritz von Haase)	モーリッツ・フォン・ハーゼ (Morritz von Haase)	https://ja.wikipedia.org/wiki/銀河英雄伝説の登場人物・銀河帝国
canon_reference	ja	銀河英雄伝説の登場人物・銀河帝国	827	外伝・オリジナルエピソードの登場人物	外伝・オリジナルエピソードの登場人物 > 朝の夢、夜の歌	エーリッヒ・フォン・ヴァルブルク (Erich von Warburg)	エーリッヒ・フォン・ヴァルブルク (Erich von Warburg)	https://ja.wikipedia.org/wiki/銀河英雄伝説の登場人物・銀河帝国
canon_reference	ja	銀河英雄伝説の登場人物・銀河帝国	831	外伝・オリジナルエピソードの登場人物	外伝・オリジナルエピソードの登場人物 > 朝の夢、夜の歌	カール・フォン・ライフアイゼン (Karl von Reifeisen)	カール・フォン・ライフアイゼン (Karl von Reifeisen)	https://ja.wikipedia.org/wiki/銀河英雄伝説の登場人物・銀河帝国
canon_reference	ja	銀河英雄伝説の登場人物・銀河帝国	837	外伝・オリジナルエピソードの登場人物	外伝・オリジナルエピソードの登場人物 > 朝の夢、夜の歌	ヨハン・ゴットホルプ・フォン・ベルツ (Johann Gottholb von Bertz)	ヨハン・ゴットホルプ・フォン・ベルツ (Johann Gottholb von Bertz)	https://ja.wikipedia.org/wiki/銀河英雄伝説の登場人物・銀河帝国
canon_reference	ja	銀河英雄伝説の登場人物・銀河帝国	843	外伝・オリジナルエピソードの登場人物	外伝・オリジナルエピソードの登場人物 > 千億の星、千億の光	リヒャルト・フォン・グリンメルスハウゼン (Richard von Grinmelshausen)	リヒャルト・フォン・グリンメルスハウゼン (Richard von Grinmelshausen)	https://ja.wikipedia.org/wiki/銀河英雄伝説の登場人物・銀河帝国
canon_reference	ja	銀河英雄伝説の登場人物・銀河帝国	849	外伝・オリジナルエピソードの登場人物	外伝・オリジナルエピソードの登場人物 > 千億の星、千億の光	ヘルマン・フォン・リューネブルク (Hermann von Luneburg)	ヘルマン・フォン・リューネブルク (Hermann von Luneburg)	https://ja.wikipedia.org/wiki/銀河英雄伝説の登場人物・銀河帝国
canon_reference	ja	銀河英雄伝説の登場人物・銀河帝国	855	外伝・オリジナルエピソードの登場人物	外伝・オリジナルエピソードの登場人物 > 千億の星、千億の光	エーリッヒ・フォン・ハルテンベルク (Erich von Haltenberg)	エーリッヒ・フォン・ハルテンベルク (Erich von Haltenberg)	https://ja.wikipedia.org/wiki/銀河英雄伝説の登場人物・銀河帝国
canon_reference	ja	銀河英雄伝説の登場人物・銀河帝国	860	外伝・オリジナルエピソードの登場人物	外伝・オリジナルエピソードの登場人物 > 千億の星、千億の光	エリザベート・フォン・リューネブルク (Elisabeth von Luneburg)	エリザベート・フォン・リューネブルク (Elisabeth von Luneburg)	https://ja.wikipedia.org/wiki/銀河英雄伝説の登場人物・銀河帝国
canon_reference	ja	銀河英雄伝説の登場人物・銀河帝国	865	外伝・オリジナルエピソードの登場人物	外伝・オリジナルエピソードの登場人物 > 千億の星、千億の光	カール・マチアス	カール・マチアス	https://ja.wikipedia.org/wiki/銀河英雄伝説の登場人物・銀河帝国
canon_reference	ja	銀河英雄伝説の登場人物・銀河帝国	868	外伝・オリジナルエピソードの登場人物	外伝・オリジナルエピソードの登場人物 > 千億の星、千億の光	マルティン・ブーフホルツ (Martin Buchhortz)	マルティン・ブーフホルツ (Martin Buchhortz)	https://ja.wikipedia.org/wiki/銀河英雄伝説の登場人物・銀河帝国
canon_reference	ja	銀河英雄伝説の登場人物・銀河帝国	874	外伝・オリジナルエピソードの登場人物	外伝・オリジナルエピソードの登場人物 > 星を砕く者	ノルデン (Norden)	ノルデン (Norden)	https://ja.wikipedia.org/wiki/銀河英雄伝説の登場人物・銀河帝国
canon_reference	ja	銀河英雄伝説の登場人物・銀河帝国	879	外伝・オリジナルエピソードの登場人物	外伝・オリジナルエピソードの登場人物 > 星を砕く者	コルプト大尉	コルプト大尉	https://ja.wikipedia.org/wiki/銀河英雄伝説の登場人物・銀河帝国
canon_reference	ja	銀河英雄伝説の登場人物・銀河帝国	882	外伝・オリジナルエピソードの登場人物	外伝・オリジナルエピソードの登場人物 > 星を砕く者	コルプト子爵	コルプト子爵	https://ja.wikipedia.org/wiki/銀河英雄伝説の登場人物・銀河帝国
canon_reference	ja	銀河英雄伝説の登場人物・銀河帝国	888	外伝・オリジナルエピソードの登場人物	外伝・オリジナルエピソードの登場人物 > 汚名	ミヒャエル・ジギスムント・フォン・カイザーリング (Michael Sigismund von Kaiserling)	ミヒャエル・ジギスムント・フォン・カイザーリング (Michael Sigismund von Kaiserling)	https://ja.wikipedia.org/wiki/銀河英雄伝説の登場人物・銀河帝国
canon_reference	ja	銀河英雄伝説の登場人物・銀河帝国	893	外伝・オリジナルエピソードの登場人物	外伝・オリジナルエピソードの登場人物 > 汚名	クリストフ・フォン・バーゼル (Christof von Basel)	クリストフ・フォン・バーゼル (Christof von Basel)	https://ja.wikipedia.org/wiki/銀河英雄伝説の登場人物・銀河帝国
canon_reference	ja	銀河英雄伝説の登場人物・銀河帝国	898	外伝・オリジナルエピソードの登場人物	外伝・オリジナルエピソードの登場人物 > 汚名	ヨハンナ・フォン・バーゼル (Johanna von Basel)	ヨハンナ・フォン・バーゼル (Johanna von Basel)	https://ja.wikipedia.org/wiki/銀河英雄伝説の登場人物・銀河帝国
canon_reference	ja	銀河英雄伝説の登場人物・銀河帝国	903	外伝・オリジナルエピソードの登場人物	外伝・オリジナルエピソードの登場人物 > 汚名	ホフマン (Hofmann)	ホフマン (Hofmann)	https://ja.wikipedia.org/wiki/銀河英雄伝説の登場人物・銀河帝国
canon_reference	ja	銀河英雄伝説の登場人物・銀河帝国	910	外伝・オリジナルエピソードの登場人物	外伝・オリジナルエピソードの登場人物 > 叛乱者	アデナウアー (Adenauer)	アデナウアー (Adenauer)	https://ja.wikipedia.org/wiki/銀河英雄伝説の登場人物・銀河帝国
canon_reference	ja	銀河英雄伝説の登場人物・銀河帝国	914	外伝・オリジナルエピソードの登場人物	外伝・オリジナルエピソードの登場人物 > 叛乱者	ハルトマン・ベルトラム	ハルトマン・ベルトラム	https://ja.wikipedia.org/wiki/銀河英雄伝説の登場人物・銀河帝国
canon_reference	ja	銀河英雄伝説の登場人物・銀河帝国	918	外伝・オリジナルエピソードの登場人物	外伝・オリジナルエピソードの登場人物 > 叛乱者	アラヌス・ザイデル	アラヌス・ザイデル	https://ja.wikipedia.org/wiki/銀河英雄伝説の登場人物・銀河帝国
canon_reference	ja	銀河英雄伝説の登場人物・銀河帝国	923	外伝・オリジナルエピソードの登場人物	外伝・オリジナルエピソードの登場人物 > 叛乱者	ロルフ・ザイデル	ロルフ・ザイデル	https://ja.wikipedia.org/wiki/銀河英雄伝説の登場人物・銀河帝国
canon_reference	ja	銀河英雄伝説の登場人物・銀河帝国	927	外伝・オリジナルエピソードの登場人物	外伝・オリジナルエピソードの登場人物 > 叛乱者	シュミット	シュミット	https://ja.wikipedia.org/wiki/銀河英雄伝説の登場人物・銀河帝国
canon_reference	ja	銀河英雄伝説の登場人物・銀河帝国	931	外伝・オリジナルエピソードの登場人物	外伝・オリジナルエピソードの登場人物 > 叛乱者	デューリング	デューリング	https://ja.wikipedia.org/wiki/銀河英雄伝説の登場人物・銀河帝国
canon_reference	ja	銀河英雄伝説の登場人物・銀河帝国	935	外伝・オリジナルエピソードの登場人物	外伝・オリジナルエピソードの登場人物 > 叛乱者	フレーベル	フレーベル	https://ja.wikipedia.org/wiki/銀河英雄伝説の登場人物・銀河帝国
canon_reference	ja	銀河英雄伝説の登場人物・銀河帝国	941	外伝・オリジナルエピソードの登場人物	外伝・オリジナルエピソードの登場人物 > 決闘者	ヘルクスハイマー	ヘルクスハイマー	https://ja.wikipedia.org/wiki/銀河英雄伝説の登場人物・銀河帝国
canon_reference	ja	銀河英雄伝説の登場人物・銀河帝国	946	外伝・オリジナルエピソードの登場人物	外伝・オリジナルエピソードの登場人物 > 決闘者	黒マントの男	黒マントの男	https://ja.wikipedia.org/wiki/銀河英雄伝説の登場人物・銀河帝国
canon_reference	ja	銀河英雄伝説の登場人物・銀河帝国	950	外伝・オリジナルエピソードの登場人物	外伝・オリジナルエピソードの登場人物 > 決闘者	ゴルトシュミット	ゴルトシュミット	https://ja.wikipedia.org/wiki/銀河英雄伝説の登場人物・銀河帝国
canon_reference	ja	銀河英雄伝説の登場人物・銀河帝国	954	外伝・オリジナルエピソードの登場人物	外伝・オリジナルエピソードの登場人物 > 決闘者	シャフハウゼン	シャフハウゼン	https://ja.wikipedia.org/wiki/銀河英雄伝説の登場人物・銀河帝国
canon_reference	ja	銀河英雄伝説の登場人物・銀河帝国	959	外伝・オリジナルエピソードの登場人物	外伝・オリジナルエピソードの登場人物 > 奪還者	ヘルクスハイマー	ヘルクスハイマー	https://ja.wikipedia.org/wiki/銀河英雄伝説の登場人物・銀河帝国
canon_reference	ja	銀河英雄伝説の登場人物・銀河帝国	963	外伝・オリジナルエピソードの登場人物	外伝・オリジナルエピソードの登場人物 > 奪還者	マルガレータ・フォン・ヘルクスハイマー	マルガレータ・フォン・ヘルクスハイマー	https://ja.wikipedia.org/wiki/銀河英雄伝説の登場人物・銀河帝国
canon_reference	ja	銀河英雄伝説の登場人物・銀河帝国	967	外伝・オリジナルエピソードの登場人物	外伝・オリジナルエピソードの登場人物 > 奪還者	ベンドリング	ベンドリング	https://ja.wikipedia.org/wiki/銀河英雄伝説の登場人物・銀河帝国
canon_reference	ja	銀河英雄伝説の登場人物・銀河帝国	972	外伝・オリジナルエピソードの登場人物	外伝・オリジナルエピソードの登場人物 > 奪還者	アーベントロート (Abendroth)	アーベントロート (Abendroth)	https://ja.wikipedia.org/wiki/銀河英雄伝説の登場人物・銀河帝国
canon_reference	ja	銀河英雄伝説の登場人物・銀河帝国	978	外伝・オリジナルエピソードの登場人物	外伝・オリジナルエピソードの登場人物 > その他OVAのオリジナルエピソード	クラインゲルト	クラインゲルト	https://ja.wikipedia.org/wiki/銀河英雄伝説の登場人物・銀河帝国
canon_reference	ja	銀河英雄伝説の登場人物・銀河帝国	983	外伝・オリジナルエピソードの登場人物	外伝・オリジナルエピソードの登場人物 > その他OVAのオリジナルエピソード	フィーア・フォン・クラインゲルト	フィーア・フォン・クラインゲルト	https://ja.wikipedia.org/wiki/銀河英雄伝説の登場人物・銀河帝国
canon_reference	ja	銀河英雄伝説の登場人物・銀河帝国	987	外伝・オリジナルエピソードの登場人物	外伝・オリジナルエピソードの登場人物 > その他OVAのオリジナルエピソード	テレーゼ・ワグナー	テレーゼ・ワグナー	https://ja.wikipedia.org/wiki/銀河英雄伝説の登場人物・銀河帝国
canon_reference	ja	銀河英雄伝説の登場人物・銀河帝国	991	外伝・オリジナルエピソードの登場人物	外伝・オリジナルエピソードの登場人物 > その他OVAのオリジナルエピソード	ワグナー	ワグナー	https://ja.wikipedia.org/wiki/銀河英雄伝説の登場人物・銀河帝国
canon_reference	ja	銀河英雄伝説の登場人物・銀河帝国	1000	列伝の登場人物	列伝の登場人物 > 竜神滝(ドラッハ・ヴァッサーフェル)の皇帝陛下	セアド・ブルーデス	セアド・ブルーデス	https://ja.wikipedia.org/wiki/銀河英雄伝説の登場人物・銀河帝国
canon_reference	ja	銀河英雄伝説の登場人物・銀河帝国	1005	列伝の登場人物	列伝の登場人物 > ティエリー・ボナール最後の戦い	フォルカー・フォン・ベーゼンハルト	フォルカー・フォン・ベーゼンハルト	https://ja.wikipedia.org/wiki/銀河英雄伝説の登場人物・銀河帝国
canon_reference	ja	銀河英雄伝説の登場人物・銀河帝国	1010	列伝の登場人物	列伝の登場人物 > ティエリー・ボナール最後の戦い	マルヴィン・フート	マルヴィン・フート	https://ja.wikipedia.org/wiki/銀河英雄伝説の登場人物・銀河帝国
canon_reference	ja	銀河英雄伝説の登場人物・自由惑星同盟	7	ヤン・ウェンリーとその縁者	ヤン・ウェンリーとその縁者	ヤン・ウェンリー	ヤン・ウェンリー	https://ja.wikipedia.org/wiki/銀河英雄伝説の登場人物・自由惑星同盟
canon_reference	ja	銀河英雄伝説の登場人物・自由惑星同盟	10	ヤン・ウェンリーとその縁者	ヤン・ウェンリーとその縁者	ユリアン・ミンツ	ユリアン・ミンツ	https://ja.wikipedia.org/wiki/銀河英雄伝説の登場人物・自由惑星同盟
canon_reference	ja	銀河英雄伝説の登場人物・自由惑星同盟	13	ヤン・ウェンリーとその縁者	ヤン・ウェンリーとその縁者	フレデリカ・グリーンヒル	フレデリカ・グリーンヒル	https://ja.wikipedia.org/wiki/銀河英雄伝説の登場人物・自由惑星同盟
canon_reference	ja	銀河英雄伝説の登場人物・自由惑星同盟	16	ヤン・ウェンリーとその縁者	ヤン・ウェンリーとその縁者	ヤン・タイロン（Yang Tai-long）	ヤン・タイロン（Yang Tai-long）	https://ja.wikipedia.org/wiki/銀河英雄伝説の登場人物・自由惑星同盟
canon_reference	ja	銀河英雄伝説の登場人物・自由惑星同盟	22	ヤン・ウェンリーとその縁者	ヤン・ウェンリーとその縁者	カトリーヌ・ルクレール・ヤン	カトリーヌ・ルクレール・ヤン	https://ja.wikipedia.org/wiki/銀河英雄伝説の登場人物・自由惑星同盟
canon_reference	ja	銀河英雄伝説の登場人物・自由惑星同盟	25	ヤン・ウェンリーとその縁者	ヤン・ウェンリーとその縁者	元帥	元帥	https://ja.wikipedia.org/wiki/銀河英雄伝説の登場人物・自由惑星同盟
canon_reference	ja	銀河英雄伝説の登場人物・自由惑星同盟	34	ヤン艦隊	ヤン艦隊 > ヤン艦隊首脳部	ヤン・ウェンリー	ヤン・ウェンリー	https://ja.wikipedia.org/wiki/銀河英雄伝説の登場人物・自由惑星同盟
canon_reference	ja	銀河英雄伝説の登場人物・自由惑星同盟	37	ヤン艦隊	ヤン艦隊 > ヤン艦隊首脳部	ユリアン・ミンツ	ユリアン・ミンツ	https://ja.wikipedia.org/wiki/銀河英雄伝説の登場人物・自由惑星同盟
canon_reference	ja	銀河英雄伝説の登場人物・自由惑星同盟	40	ヤン艦隊	ヤン艦隊 > ヤン艦隊首脳部	フレデリカ・グリーンヒル	フレデリカ・グリーンヒル	https://ja.wikipedia.org/wiki/銀河英雄伝説の登場人物・自由惑星同盟
canon_reference	ja	銀河英雄伝説の登場人物・自由惑星同盟	43	ヤン艦隊	ヤン艦隊 > ヤン艦隊首脳部	アレックス・キャゼルヌ	アレックス・キャゼルヌ	https://ja.wikipedia.org/wiki/銀河英雄伝説の登場人物・自由惑星同盟
canon_reference	ja	銀河英雄伝説の登場人物・自由惑星同盟	46	ヤン艦隊	ヤン艦隊 > ヤン艦隊首脳部	ムライ (Murai)	ムライ (Murai)	https://ja.wikipedia.org/wiki/銀河英雄伝説の登場人物・自由惑星同盟
canon_reference	ja	銀河英雄伝説の登場人物・自由惑星同盟	53	ヤン艦隊	ヤン艦隊 > ヤン艦隊首脳部	フョードル・パトリチェフ (Fyodor Patirchev)	フョードル・パトリチェフ (Fyodor Patirchev)	https://ja.wikipedia.org/wiki/銀河英雄伝説の登場人物・自由惑星同盟
canon_reference	ja	銀河英雄伝説の登場人物・自由惑星同盟	58	ヤン艦隊	ヤン艦隊 > ヤン艦隊首脳部	エドウィン・フィッシャー (Edwin Fischer)	エドウィン・フィッシャー (Edwin Fischer)	https://ja.wikipedia.org/wiki/銀河英雄伝説の登場人物・自由惑星同盟
canon_reference	ja	銀河英雄伝説の登場人物・自由惑星同盟	65	ヤン艦隊	ヤン艦隊 > ヤン艦隊首脳部	ダスティ・アッテンボロー	ダスティ・アッテンボロー	https://ja.wikipedia.org/wiki/銀河英雄伝説の登場人物・自由惑星同盟
canon_reference	ja	銀河英雄伝説の登場人物・自由惑星同盟	68	ヤン艦隊	ヤン艦隊 > ヤン艦隊首脳部	ワルター・フォン・シェーンコップ	ワルター・フォン・シェーンコップ	https://ja.wikipedia.org/wiki/銀河英雄伝説の登場人物・自由惑星同盟
canon_reference	ja	銀河英雄伝説の登場人物・自由惑星同盟	71	ヤン艦隊	ヤン艦隊 > ヤン艦隊首脳部	オリビエ・ポプラン	オリビエ・ポプラン	https://ja.wikipedia.org/wiki/銀河英雄伝説の登場人物・自由惑星同盟
canon_reference	ja	銀河英雄伝説の登場人物・自由惑星同盟	74	ヤン艦隊	ヤン艦隊 > ヤン艦隊首脳部	ウィリバルト・ヨアヒム・フォン・メルカッツ	ウィリバルト・ヨアヒム・フォン・メルカッツ	https://ja.wikipedia.org/wiki/銀河英雄伝説の登場人物・自由惑星同盟
canon_reference	ja	銀河英雄伝説の登場人物・自由惑星同盟	77	ヤン艦隊	ヤン艦隊 > ヤン艦隊首脳部	バグダッシュ (Bagdash)	バグダッシュ (Bagdash)	https://ja.wikipedia.org/wiki/銀河英雄伝説の登場人物・自由惑星同盟
canon_reference	ja	銀河英雄伝説の登場人物・自由惑星同盟	88	ヤン艦隊	ヤン艦隊 > 薔薇の騎士（ローゼンリッター）連隊	ワルター・フォン・シェーンコップ	ワルター・フォン・シェーンコップ	https://ja.wikipedia.org/wiki/銀河英雄伝説の登場人物・自由惑星同盟
canon_reference	ja	銀河英雄伝説の登場人物・自由惑星同盟	91	ヤン艦隊	ヤン艦隊 > 薔薇の騎士（ローゼンリッター）連隊	カスパー・リンツ (Kasper Linz)	カスパー・リンツ (Kasper Linz)	https://ja.wikipedia.org/wiki/銀河英雄伝説の登場人物・自由惑星同盟
canon_reference	ja	銀河英雄伝説の登場人物・自由惑星同盟	98	ヤン艦隊	ヤン艦隊 > 薔薇の騎士（ローゼンリッター）連隊	ライナー・ブルームハルト (Rainer Blumhardt)	ライナー・ブルームハルト (Rainer Blumhardt)	https://ja.wikipedia.org/wiki/銀河英雄伝説の登場人物・自由惑星同盟
canon_reference	ja	銀河英雄伝説の登場人物・自由惑星同盟	105	ヤン艦隊	ヤン艦隊 > 薔薇の騎士（ローゼンリッター）連隊	オットー・フランク・フォン・ヴァーンシャッフェ	オットー・フランク・フォン・ヴァーンシャッフェ	https://ja.wikipedia.org/wiki/銀河英雄伝説の登場人物・自由惑星同盟
canon_reference	ja	銀河英雄伝説の登場人物・自由惑星同盟	110	ヤン艦隊	ヤン艦隊 > 空戦隊	オリビエ・ポプラン	オリビエ・ポプラン	https://ja.wikipedia.org/wiki/銀河英雄伝説の登場人物・自由惑星同盟
canon_reference	ja	銀河英雄伝説の登場人物・自由惑星同盟	113	ヤン艦隊	ヤン艦隊 > 空戦隊	イワン・コーネフ（)	イワン・コーネフ（)	https://ja.wikipedia.org/wiki/銀河英雄伝説の登場人物・自由惑星同盟
canon_reference	ja	銀河英雄伝説の登場人物・自由惑星同盟	121	ヤン艦隊	ヤン艦隊 > 空戦隊	ウォーレン・ヒューズ (Warren Hughes)	ウォーレン・ヒューズ (Warren Hughes)	https://ja.wikipedia.org/wiki/銀河英雄伝説の登場人物・自由惑星同盟
canon_reference	ja	銀河英雄伝説の登場人物・自由惑星同盟	127	ヤン艦隊	ヤン艦隊 > 空戦隊	サレ・アジズ・シェイクリ (Saleh Aziz Shakely)	サレ・アジズ・シェイクリ (Saleh Aziz Shakely)	https://ja.wikipedia.org/wiki/銀河英雄伝説の登場人物・自由惑星同盟
canon_reference	ja	銀河英雄伝説の登場人物・自由惑星同盟	132	ヤン艦隊	ヤン艦隊 > 空戦隊	コールドウェル	コールドウェル	https://ja.wikipedia.org/wiki/銀河英雄伝説の登場人物・自由惑星同盟
canon_reference	ja	銀河英雄伝説の登場人物・自由惑星同盟	136	ヤン艦隊	ヤン艦隊 > 空戦隊	カーテローゼ・フォン・クロイツェル (Katerose von Kreutzer)	カーテローゼ・フォン・クロイツェル (Katerose von Kreutzer)	https://ja.wikipedia.org/wiki/銀河英雄伝説の登場人物・自由惑星同盟
canon_reference	ja	銀河英雄伝説の登場人物・自由惑星同盟	143	ヤン艦隊	ヤン艦隊 > ヤン艦隊の軍人	ルイ・マシュンゴ (Louis Machengo)	ルイ・マシュンゴ (Louis Machengo)	https://ja.wikipedia.org/wiki/銀河英雄伝説の登場人物・自由惑星同盟
canon_reference	ja	銀河英雄伝説の登場人物・自由惑星同盟	148	ヤン艦隊	ヤン艦隊 > ヤン艦隊の軍人	グエン・バン・ヒュー (Nguyen Van Thieu)	グエン・バン・ヒュー (Nguyen Van Thieu)	https://ja.wikipedia.org/wiki/銀河英雄伝説の登場人物・自由惑星同盟
canon_reference	ja	銀河英雄伝説の登場人物・自由惑星同盟	153	ヤン艦隊	ヤン艦隊 > ヤン艦隊の軍人	スーン・スール	スーン・スール	https://ja.wikipedia.org/wiki/銀河英雄伝説の登場人物・自由惑星同盟
canon_reference	ja	銀河英雄伝説の登場人物・自由惑星同盟	161	ヤン艦隊	ヤン艦隊 > ヤン艦隊の軍人	ラオ (Lao)	ラオ (Lao)	https://ja.wikipedia.org/wiki/銀河英雄伝説の登場人物・自由惑星同盟
canon_reference	ja	銀河英雄伝説の登場人物・自由惑星同盟	166	ヤン艦隊	ヤン艦隊 > ヤン艦隊の軍人	ベルンハルト・フォン・シュナイダー (Bernhard von Schneider)	ベルンハルト・フォン・シュナイダー (Bernhard von Schneider)	https://ja.wikipedia.org/wiki/銀河英雄伝説の登場人物・自由惑星同盟
canon_reference	ja	銀河英雄伝説の登場人物・自由惑星同盟	171	ヤン艦隊	ヤン艦隊 > ヤン艦隊の軍人	マリノ (Marino)	マリノ (Marino)	https://ja.wikipedia.org/wiki/銀河英雄伝説の登場人物・自由惑星同盟
canon_reference	ja	銀河英雄伝説の登場人物・自由惑星同盟	176	ヤン艦隊	ヤン艦隊 > ヤン艦隊の軍人	アサドーラ・シャルチアン	アサドーラ・シャルチアン	https://ja.wikipedia.org/wiki/銀河英雄伝説の登場人物・自由惑星同盟
canon_reference	ja	銀河英雄伝説の登場人物・自由惑星同盟	180	ヤン艦隊	ヤン艦隊 > ヤン艦隊の軍人	ニルソン (Nilson)	ニルソン (Nilson)	https://ja.wikipedia.org/wiki/銀河英雄伝説の登場人物・自由惑星同盟
canon_reference	ja	銀河英雄伝説の登場人物・自由惑星同盟	185	ヤン艦隊	ヤン艦隊 > ヤン艦隊の軍人	エダ (Eda)	エダ (Eda)	https://ja.wikipedia.org/wiki/銀河英雄伝説の登場人物・自由惑星同盟
canon_reference	ja	銀河英雄伝説の登場人物・自由惑星同盟	189	ヤン艦隊	ヤン艦隊 > ヤン艦隊の軍人	フィールズ (Fields)	フィールズ (Fields)	https://ja.wikipedia.org/wiki/銀河英雄伝説の登場人物・自由惑星同盟
canon_reference	ja	銀河英雄伝説の登場人物・自由惑星同盟	193	ヤン艦隊	ヤン艦隊 > ヤン艦隊の軍人	トダ (Toda)	トダ (Toda)	https://ja.wikipedia.org/wiki/銀河英雄伝説の登場人物・自由惑星同盟
canon_reference	ja	銀河英雄伝説の登場人物・自由惑星同盟	199	ヤン艦隊	ヤン艦隊 > ヤン艦隊の軍人	ハムディ・アシュール	ハムディ・アシュール	https://ja.wikipedia.org/wiki/銀河英雄伝説の登場人物・自由惑星同盟
canon_reference	ja	銀河英雄伝説の登場人物・自由惑星同盟	204	ヤン艦隊	ヤン艦隊 > ヤン艦隊の軍人	エド、サイモン、ハズキ	エド | サイモン | ハズキ	https://ja.wikipedia.org/wiki/銀河英雄伝説の登場人物・自由惑星同盟
canon_reference	ja	銀河英雄伝説の登場人物・自由惑星同盟	208	ヤン艦隊	ヤン艦隊 > ヤン艦隊の軍人	ピーター・リーマー	ピーター・リーマー	https://ja.wikipedia.org/wiki/銀河英雄伝説の登場人物・自由惑星同盟
canon_reference	ja	銀河英雄伝説の登場人物・自由惑星同盟	211	ヤン艦隊	ヤン艦隊 > ヤン艦隊の軍人	ダグラス・ベイトマン	ダグラス・ベイトマン	https://ja.wikipedia.org/wiki/銀河英雄伝説の登場人物・自由惑星同盟
canon_reference	ja	銀河英雄伝説の登場人物・自由惑星同盟	216	主要人物の家族・縁者	主要人物の家族・縁者	オルタンス・キャゼルヌ	オルタンス・キャゼルヌ	https://ja.wikipedia.org/wiki/銀河英雄伝説の登場人物・自由惑星同盟
canon_reference	ja	銀河英雄伝説の登場人物・自由惑星同盟	222	主要人物の家族・縁者	主要人物の家族・縁者	シャルロット・フィリス・キャゼルヌ	シャルロット・フィリス・キャゼルヌ	https://ja.wikipedia.org/wiki/銀河英雄伝説の登場人物・自由惑星同盟
canon_reference	ja	銀河英雄伝説の登場人物・自由惑星同盟	226	主要人物の家族・縁者	主要人物の家族・縁者	パトリック・アッテンボロー	パトリック・アッテンボロー	https://ja.wikipedia.org/wiki/銀河英雄伝説の登場人物・自由惑星同盟
canon_reference	ja	銀河英雄伝説の登場人物・自由惑星同盟	231	主要人物の家族・縁者	主要人物の家族・縁者	シェーンコップの祖父	シェーンコップの祖父	https://ja.wikipedia.org/wiki/銀河英雄伝説の登場人物・自由惑星同盟
canon_reference	ja	銀河英雄伝説の登場人物・自由惑星同盟	236	主要人物の家族・縁者	主要人物の家族・縁者	ユリアンの父	ユリアンの父	https://ja.wikipedia.org/wiki/銀河英雄伝説の登場人物・自由惑星同盟
canon_reference	ja	銀河英雄伝説の登場人物・自由惑星同盟	243	同盟軍	同盟軍 > 軍首脳部	シドニー・シトレ (Sidney Sithole)	シドニー・シトレ (Sidney Sithole)	https://ja.wikipedia.org/wiki/銀河英雄伝説の登場人物・自由惑星同盟
canon_reference	ja	銀河英雄伝説の登場人物・自由惑星同盟	251	同盟軍	同盟軍 > 軍首脳部	ラザール・ロボス (Lassalle Lobos)	ラザール・ロボス (Lassalle Lobos)	https://ja.wikipedia.org/wiki/銀河英雄伝説の登場人物・自由惑星同盟
canon_reference	ja	銀河英雄伝説の登場人物・自由惑星同盟	257	同盟軍	同盟軍 > 軍首脳部	ドワイト・グリーンヒル	ドワイト・グリーンヒル	https://ja.wikipedia.org/wiki/銀河英雄伝説の登場人物・自由惑星同盟
canon_reference	ja	銀河英雄伝説の登場人物・自由惑星同盟	260	同盟軍	同盟軍 > 軍首脳部	クブルスリー (Kubersly)	クブルスリー (Kubersly)	https://ja.wikipedia.org/wiki/銀河英雄伝説の登場人物・自由惑星同盟
canon_reference	ja	銀河英雄伝説の登場人物・自由惑星同盟	265	同盟軍	同盟軍 > 軍首脳部	アレクサンドル・ビュコック	アレクサンドル・ビュコック	https://ja.wikipedia.org/wiki/銀河英雄伝説の登場人物・自由惑星同盟
canon_reference	ja	銀河英雄伝説の登場人物・自由惑星同盟	268	同盟軍	同盟軍 > 軍首脳部	チュン・ウー・チェン (Trung Yu Chang)	チュン・ウー・チェン (Trung Yu Chang)	https://ja.wikipedia.org/wiki/銀河英雄伝説の登場人物・自由惑星同盟
canon_reference	ja	銀河英雄伝説の登場人物・自由惑星同盟	274	同盟軍	同盟軍 > 軍首脳部	ドーソン (Dawson)	ドーソン (Dawson)	https://ja.wikipedia.org/wiki/銀河英雄伝説の登場人物・自由惑星同盟
canon_reference	ja	銀河英雄伝説の登場人物・自由惑星同盟	279	同盟軍	同盟軍 > 軍首脳部	ロックウェル (Rockwell)	ロックウェル (Rockwell)	https://ja.wikipedia.org/wiki/銀河英雄伝説の登場人物・自由惑星同盟
canon_reference	ja	銀河英雄伝説の登場人物・自由惑星同盟	287	同盟軍	同盟軍 > 艦隊司令官	クブルスリー (Kubersly)	クブルスリー (Kubersly)	https://ja.wikipedia.org/wiki/銀河英雄伝説の登場人物・自由惑星同盟
canon_reference	ja	銀河英雄伝説の登場人物・自由惑星同盟	290	同盟軍	同盟軍 > 艦隊司令官	パエッタ (Paetta)	パエッタ (Paetta)	https://ja.wikipedia.org/wiki/銀河英雄伝説の登場人物・自由惑星同盟
canon_reference	ja	銀河英雄伝説の登場人物・自由惑星同盟	297	同盟軍	同盟軍 > 艦隊司令官	ルフェーブル (Lefebres)	ルフェーブル (Lefebres)	https://ja.wikipedia.org/wiki/銀河英雄伝説の登場人物・自由惑星同盟
canon_reference	ja	銀河英雄伝説の登場人物・自由惑星同盟	302	同盟軍	同盟軍 > 艦隊司令官	パストーレ (Pastolle)	パストーレ (Pastolle)	https://ja.wikipedia.org/wiki/銀河英雄伝説の登場人物・自由惑星同盟
canon_reference	ja	銀河英雄伝説の登場人物・自由惑星同盟	307	同盟軍	同盟軍 > 艦隊司令官	アレクサンドル・ビュコック	アレクサンドル・ビュコック	https://ja.wikipedia.org/wiki/銀河英雄伝説の登場人物・自由惑星同盟
canon_reference	ja	銀河英雄伝説の登場人物・自由惑星同盟	310	同盟軍	同盟軍 > 艦隊司令官	ムーア (Moore)	ムーア (Moore)	https://ja.wikipedia.org/wiki/銀河英雄伝説の登場人物・自由惑星同盟
canon_reference	ja	銀河英雄伝説の登場人物・自由惑星同盟	316	同盟軍	同盟軍 > 艦隊司令官	ホーウッド (Hawood)	ホーウッド (Hawood)	https://ja.wikipedia.org/wiki/銀河英雄伝説の登場人物・自由惑星同盟
canon_reference	ja	銀河英雄伝説の登場人物・自由惑星同盟	322	同盟軍	同盟軍 > 艦隊司令官	アップルトン (Appleton)	アップルトン (Appleton)	https://ja.wikipedia.org/wiki/銀河英雄伝説の登場人物・自由惑星同盟
canon_reference	ja	銀河英雄伝説の登場人物・自由惑星同盟	327	同盟軍	同盟軍 > 艦隊司令官	アル・サレム (Al Salem)	アル・サレム (Al Salem)	https://ja.wikipedia.org/wiki/銀河英雄伝説の登場人物・自由惑星同盟
canon_reference	ja	銀河英雄伝説の登場人物・自由惑星同盟	332	同盟軍	同盟軍 > 艦隊司令官	ウランフ (Uranff)	ウランフ (Uranff)	https://ja.wikipedia.org/wiki/銀河英雄伝説の登場人物・自由惑星同盟
canon_reference	ja	銀河英雄伝説の登場人物・自由惑星同盟	340	同盟軍	同盟軍 > 艦隊司令官	ルグランジュ	ルグランジュ	https://ja.wikipedia.org/wiki/銀河英雄伝説の登場人物・自由惑星同盟
canon_reference	ja	銀河英雄伝説の登場人物・自由惑星同盟	343	同盟軍	同盟軍 > 艦隊司令官	ウィレム・ホーランド	ウィレム・ホーランド	https://ja.wikipedia.org/wiki/銀河英雄伝説の登場人物・自由惑星同盟
canon_reference	ja	銀河英雄伝説の登場人物・自由惑星同盟	350	同盟軍	同盟軍 > 艦隊司令官	ボロディン (Borodin)	ボロディン (Borodin)	https://ja.wikipedia.org/wiki/銀河英雄伝説の登場人物・自由惑星同盟
canon_reference	ja	銀河英雄伝説の登場人物・自由惑星同盟	355	同盟軍	同盟軍 > 艦隊司令官	ヤン・ウェンリー	ヤン・ウェンリー	https://ja.wikipedia.org/wiki/銀河英雄伝説の登場人物・自由惑星同盟
canon_reference	ja	銀河英雄伝説の登場人物・自由惑星同盟	358	同盟軍	同盟軍 > 艦隊司令官	ライオネル・モートン (Lionel Morton)	ライオネル・モートン (Lionel Morton)	https://ja.wikipedia.org/wiki/銀河英雄伝説の登場人物・自由惑星同盟
canon_reference	ja	銀河英雄伝説の登場人物・自由惑星同盟	363	同盟軍	同盟軍 > 艦隊司令官	ラルフ・カールセン (Ralph Carlsen)	ラルフ・カールセン (Ralph Carlsen)	https://ja.wikipedia.org/wiki/銀河英雄伝説の登場人物・自由惑星同盟
canon_reference	ja	銀河英雄伝説の登場人物・自由惑星同盟	370	同盟軍	同盟軍 > 司令官（将官）・兵士	ジャン・ロベール・ラップ (Jean Robert Lapp)	ジャン・ロベール・ラップ (Jean Robert Lapp)	https://ja.wikipedia.org/wiki/銀河英雄伝説の登場人物・自由惑星同盟
canon_reference	ja	銀河英雄伝説の登場人物・自由惑星同盟	377	同盟軍	同盟軍 > 司令官（将官）・兵士	アンドリュー・フォーク (Andlew Fork)	アンドリュー・フォーク (Andlew Fork)	https://ja.wikipedia.org/wiki/銀河英雄伝説の登場人物・自由惑星同盟
canon_reference	ja	銀河英雄伝説の登場人物・自由惑星同盟	386	同盟軍	同盟軍 > 司令官（将官）・兵士	マルコム・ワイドボーン	マルコム・ワイドボーン	https://ja.wikipedia.org/wiki/銀河英雄伝説の登場人物・自由惑星同盟
canon_reference	ja	銀河英雄伝説の登場人物・自由惑星同盟	393	同盟軍	同盟軍 > 司令官（将官）・兵士	ファイフェル (Pfeifer)	ファイフェル (Pfeifer)	https://ja.wikipedia.org/wiki/銀河英雄伝説の登場人物・自由惑星同盟
canon_reference	ja	銀河英雄伝説の登場人物・自由惑星同盟	398	同盟軍	同盟軍 > 司令官（将官）・兵士	ベイ (Bay)	ベイ (Bay)	https://ja.wikipedia.org/wiki/銀河英雄伝説の登場人物・自由惑星同盟
canon_reference	ja	銀河英雄伝説の登場人物・自由惑星同盟	402	同盟軍	同盟軍 > 司令官（将官）・兵士	ガティ	ガティ	https://ja.wikipedia.org/wiki/銀河英雄伝説の登場人物・自由惑星同盟
canon_reference	ja	銀河英雄伝説の登場人物・自由惑星同盟	405	同盟軍	同盟軍 > 司令官（将官）・兵士	グレドウィン・スコット	グレドウィン・スコット	https://ja.wikipedia.org/wiki/銀河英雄伝説の登場人物・自由惑星同盟
canon_reference	ja	銀河英雄伝説の登場人物・自由惑星同盟	409	同盟軍	同盟軍 > 司令官（将官）・兵士	エドモンド・メッサースミス (Edmond Messersmith)	エドモンド・メッサースミス (Edmond Messersmith)	https://ja.wikipedia.org/wiki/銀河英雄伝説の登場人物・自由惑星同盟
canon_reference	ja	銀河英雄伝説の登場人物・自由惑星同盟	413	同盟軍	同盟軍 > 司令官（将官）・兵士	サンドル・アラルコン	サンドル・アラルコン	https://ja.wikipedia.org/wiki/銀河英雄伝説の登場人物・自由惑星同盟
canon_reference	ja	銀河英雄伝説の登場人物・自由惑星同盟	418	同盟軍	同盟軍 > 司令官（将官）・兵士	マリネッティ	マリネッティ	https://ja.wikipedia.org/wiki/銀河英雄伝説の登場人物・自由惑星同盟
canon_reference	ja	銀河英雄伝説の登場人物・自由惑星同盟	423	同盟軍	同盟軍 > 司令官（将官）・兵士	ザーニアル	ザーニアル	https://ja.wikipedia.org/wiki/銀河英雄伝説の登場人物・自由惑星同盟
canon_reference	ja	銀河英雄伝説の登場人物・自由惑星同盟	428	同盟軍	同盟軍 > 司令官（将官）・兵士	ヴィオラ	ヴィオラ	https://ja.wikipedia.org/wiki/銀河英雄伝説の登場人物・自由惑星同盟
canon_reference	ja	銀河英雄伝説の登場人物・自由惑星同盟	432	同盟軍	同盟軍 > 司令官（将官）・兵士	ブレツェリ	ブレツェリ	https://ja.wikipedia.org/wiki/銀河英雄伝説の登場人物・自由惑星同盟
canon_reference	ja	銀河英雄伝説の登場人物・自由惑星同盟	435	同盟軍	同盟軍 > 司令官（将官）・兵士	オーブリー・コクラン (Aubley Cochrane)	オーブリー・コクラン (Aubley Cochrane)	https://ja.wikipedia.org/wiki/銀河英雄伝説の登場人物・自由惑星同盟
canon_reference	ja	銀河英雄伝説の登場人物・自由惑星同盟	440	同盟軍	同盟軍 > 司令官（将官）・兵士	マスカーニ (Mascagni)	マスカーニ (Mascagni)	https://ja.wikipedia.org/wiki/銀河英雄伝説の登場人物・自由惑星同盟
canon_reference	ja	銀河英雄伝説の登場人物・自由惑星同盟	444	同盟軍	同盟軍 > 司令官（将官）・兵士	ジャワフ (Jawaf)	ジャワフ (Jawaf)	https://ja.wikipedia.org/wiki/銀河英雄伝説の登場人物・自由惑星同盟
canon_reference	ja	銀河英雄伝説の登場人物・自由惑星同盟	451	政治家・官僚・政界関係者	政治家・官僚・政界関係者 > 最高評議会	ヨブ・トリューニヒト	ヨブ・トリューニヒト	https://ja.wikipedia.org/wiki/銀河英雄伝説の登場人物・自由惑星同盟
canon_reference	ja	銀河英雄伝説の登場人物・自由惑星同盟	454	政治家・官僚・政界関係者	政治家・官僚・政界関係者 > 最高評議会	ジョアン・レベロ	ジョアン・レベロ	https://ja.wikipedia.org/wiki/銀河英雄伝説の登場人物・自由惑星同盟
canon_reference	ja	銀河英雄伝説の登場人物・自由惑星同盟	460	政治家・官僚・政界関係者	政治家・官僚・政界関係者 > 最高評議会	ホワン・ルイ	ホワン・ルイ	https://ja.wikipedia.org/wiki/銀河英雄伝説の登場人物・自由惑星同盟
canon_reference	ja	銀河英雄伝説の登場人物・自由惑星同盟	466	政治家・官僚・政界関係者	政治家・官僚・政界関係者 > 最高評議会	ロイヤル・サンフォード	ロイヤル・サンフォード	https://ja.wikipedia.org/wiki/銀河英雄伝説の登場人物・自由惑星同盟
canon_reference	ja	銀河英雄伝説の登場人物・自由惑星同盟	471	政治家・官僚・政界関係者	政治家・官僚・政界関係者 > 最高評議会	コーネリア・ウィンザー	コーネリア・ウィンザー	https://ja.wikipedia.org/wiki/銀河英雄伝説の登場人物・自由惑星同盟
canon_reference	ja	銀河英雄伝説の登場人物・自由惑星同盟	477	政治家・官僚・政界関係者	政治家・官僚・政界関係者 > 最高評議会	ネグロポンティ	ネグロポンティ	https://ja.wikipedia.org/wiki/銀河英雄伝説の登場人物・自由惑星同盟
canon_reference	ja	銀河英雄伝説の登場人物・自由惑星同盟	483	政治家・官僚・政界関係者	政治家・官僚・政界関係者 > 最高評議会	ウォルター・アイランズ	ウォルター・アイランズ	https://ja.wikipedia.org/wiki/銀河英雄伝説の登場人物・自由惑星同盟
canon_reference	ja	銀河英雄伝説の登場人物・自由惑星同盟	490	政治家・官僚・政界関係者	政治家・官僚・政界関係者 > 官僚・行政官	ヘンスロー	ヘンスロー	https://ja.wikipedia.org/wiki/銀河英雄伝説の登場人物・自由惑星同盟
canon_reference	ja	銀河英雄伝説の登場人物・自由惑星同盟	496	政治家・官僚・政界関係者	政治家・官僚・政界関係者 > 官僚・行政官	ウィリアム・オーデッツ	ウィリアム・オーデッツ	https://ja.wikipedia.org/wiki/銀河英雄伝説の登場人物・自由惑星同盟
canon_reference	ja	銀河英雄伝説の登場人物・自由惑星同盟	503	政治家・官僚・政界関係者	政治家・官僚・政界関係者 > その他の政治家・政府要人	ジェシカ・エドワーズ	ジェシカ・エドワーズ	https://ja.wikipedia.org/wiki/銀河英雄伝説の登場人物・自由惑星同盟
canon_reference	ja	銀河英雄伝説の登場人物・自由惑星同盟	510	政治家・官僚・政界関係者	政治家・官僚・政界関係者 > その他の政治家・政府要人	オリベイラ	オリベイラ	https://ja.wikipedia.org/wiki/銀河英雄伝説の登場人物・自由惑星同盟
canon_reference	ja	銀河英雄伝説の登場人物・自由惑星同盟	517	救国軍事会議	救国軍事会議	ドワイト・グリーンヒル (Dwight Greenhill)	ドワイト・グリーンヒル (Dwight Greenhill)	https://ja.wikipedia.org/wiki/銀河英雄伝説の登場人物・自由惑星同盟
canon_reference	ja	銀河英雄伝説の登場人物・自由惑星同盟	525	救国軍事会議	救国軍事会議	ルグランジュ (Legrange)	ルグランジュ (Legrange)	https://ja.wikipedia.org/wiki/銀河英雄伝説の登場人物・自由惑星同盟
canon_reference	ja	銀河英雄伝説の登場人物・自由惑星同盟	531	救国軍事会議	救国軍事会議	アーサー・リンチ (Arthur Lynch)	アーサー・リンチ (Arthur Lynch)	https://ja.wikipedia.org/wiki/銀河英雄伝説の登場人物・自由惑星同盟
canon_reference	ja	銀河英雄伝説の登場人物・自由惑星同盟	539	救国軍事会議	救国軍事会議	バグダッシュ	バグダッシュ	https://ja.wikipedia.org/wiki/銀河英雄伝説の登場人物・自由惑星同盟
canon_reference	ja	銀河英雄伝説の登場人物・自由惑星同盟	542	救国軍事会議	救国軍事会議	ブロンズ (Bronze)	ブロンズ (Bronze)	https://ja.wikipedia.org/wiki/銀河英雄伝説の登場人物・自由惑星同盟
canon_reference	ja	銀河英雄伝説の登場人物・自由惑星同盟	547	救国軍事会議	救国軍事会議	エベンス (Evans)	エベンス (Evans)	https://ja.wikipedia.org/wiki/銀河英雄伝説の登場人物・自由惑星同盟
canon_reference	ja	銀河英雄伝説の登場人物・自由惑星同盟	551	救国軍事会議	救国軍事会議	クリスチアン (Christian)	クリスチアン (Christian)	https://ja.wikipedia.org/wiki/銀河英雄伝説の登場人物・自由惑星同盟
canon_reference	ja	銀河英雄伝説の登場人物・自由惑星同盟	556	救国軍事会議	救国軍事会議	マロン (Maron)	マロン (Maron)	https://ja.wikipedia.org/wiki/銀河英雄伝説の登場人物・自由惑星同盟
canon_reference	ja	銀河英雄伝説の登場人物・自由惑星同盟	560	救国軍事会議	救国軍事会議	ハーベイ	ハーベイ	https://ja.wikipedia.org/wiki/銀河英雄伝説の登場人物・自由惑星同盟
canon_reference	ja	銀河英雄伝説の登場人物・自由惑星同盟	563	救国軍事会議	救国軍事会議	ストークス (Stokes)	ストークス (Stokes)	https://ja.wikipedia.org/wiki/銀河英雄伝説の登場人物・自由惑星同盟
canon_reference	ja	銀河英雄伝説の登場人物・自由惑星同盟	567	救国軍事会議	救国軍事会議	ヒルマ	ヒルマ	https://ja.wikipedia.org/wiki/銀河英雄伝説の登場人物・自由惑星同盟
canon_reference	ja	銀河英雄伝説の登場人物・自由惑星同盟	570	救国軍事会議	救国軍事会議	ベイ	ベイ	https://ja.wikipedia.org/wiki/銀河英雄伝説の登場人物・自由惑星同盟
canon_reference	ja	銀河英雄伝説の登場人物・自由惑星同盟	573	救国軍事会議	救国軍事会議	ガティ	ガティ	https://ja.wikipedia.org/wiki/銀河英雄伝説の登場人物・自由惑星同盟
canon_reference	ja	銀河英雄伝説の登場人物・自由惑星同盟	579	エル・ファシル革命政府	エル・ファシル革命政府	フランチェスク・ロムスキー	フランチェスク・ロムスキー	https://ja.wikipedia.org/wiki/銀河英雄伝説の登場人物・自由惑星同盟
canon_reference	ja	銀河英雄伝説の登場人物・自由惑星同盟	591	外伝・オリジナルエピソードの登場人物	外伝・オリジナルエピソードの登場人物 > 螺旋迷宮	クリストフ・フォン・ケーフェンヒラー (Christof von Köfenhiller)	クリストフ・フォン・ケーフェンヒラー (Christof von Köfenhiller)	https://ja.wikipedia.org/wiki/銀河英雄伝説の登場人物・自由惑星同盟
canon_reference	ja	銀河英雄伝説の登場人物・自由惑星同盟	598	外伝・オリジナルエピソードの登場人物	外伝・オリジナルエピソードの登場人物 > 螺旋迷宮	バーナビー・コステア	バーナビー・コステア	https://ja.wikipedia.org/wiki/銀河英雄伝説の登場人物・自由惑星同盟
canon_reference	ja	銀河英雄伝説の登場人物・自由惑星同盟	602	外伝・オリジナルエピソードの登場人物	外伝・オリジナルエピソードの登場人物 > 螺旋迷宮	ジェニングス	ジェニングス	https://ja.wikipedia.org/wiki/銀河英雄伝説の登場人物・自由惑星同盟
canon_reference	ja	銀河英雄伝説の登場人物・自由惑星同盟	605	外伝・オリジナルエピソードの登場人物	外伝・オリジナルエピソードの登場人物 > 螺旋迷宮	プレスブルク (Pressburg)	プレスブルク (Pressburg)	https://ja.wikipedia.org/wiki/銀河英雄伝説の登場人物・自由惑星同盟
canon_reference	ja	銀河英雄伝説の登場人物・自由惑星同盟	611	外伝・オリジナルエピソードの登場人物	外伝・オリジナルエピソードの登場人物 > 螺旋迷宮	チャン・タオ	チャン・タオ	https://ja.wikipedia.org/wiki/銀河英雄伝説の登場人物・自由惑星同盟
canon_reference	ja	銀河英雄伝説の登場人物・自由惑星同盟	615	外伝・オリジナルエピソードの登場人物	外伝・オリジナルエピソードの登場人物 > 螺旋迷宮	アルフレッド・ローザス	アルフレッド・ローザス	https://ja.wikipedia.org/wiki/銀河英雄伝説の登場人物・自由惑星同盟
canon_reference	ja	銀河英雄伝説の登場人物・自由惑星同盟	621	外伝・オリジナルエピソードの登場人物	外伝・オリジナルエピソードの登場人物 > 螺旋迷宮	ミリアム・ローザス	ミリアム・ローザス	https://ja.wikipedia.org/wiki/銀河英雄伝説の登場人物・自由惑星同盟
canon_reference	ja	銀河英雄伝説の登場人物・自由惑星同盟	625	外伝・オリジナルエピソードの登場人物	外伝・オリジナルエピソードの登場人物 > 螺旋迷宮	ミンツ	ミンツ	https://ja.wikipedia.org/wiki/銀河英雄伝説の登場人物・自由惑星同盟
canon_reference	ja	銀河英雄伝説の登場人物・自由惑星同盟	632	外伝・オリジナルエピソードの登場人物	外伝・オリジナルエピソードの登場人物 > 千億の星、千億の光	シンクレア・セレブレッゼ	シンクレア・セレブレッゼ	https://ja.wikipedia.org/wiki/銀河英雄伝説の登場人物・自由惑星同盟
canon_reference	ja	銀河英雄伝説の登場人物・自由惑星同盟	637	外伝・オリジナルエピソードの登場人物	外伝・オリジナルエピソードの登場人物 > 千億の星、千億の光	オットー・フランク・フォン・ヴァーンシャッフェ	オットー・フランク・フォン・ヴァーンシャッフェ	https://ja.wikipedia.org/wiki/銀河英雄伝説の登場人物・自由惑星同盟
canon_reference	ja	銀河英雄伝説の登場人物・自由惑星同盟	642	外伝・オリジナルエピソードの登場人物	外伝・オリジナルエピソードの登場人物 > 千億の星、千億の光	カール・フォン・デア・デッケン	カール・フォン・デア・デッケン	https://ja.wikipedia.org/wiki/銀河英雄伝説の登場人物・自由惑星同盟
canon_reference	ja	銀河英雄伝説の登場人物・自由惑星同盟	647	外伝・オリジナルエピソードの登場人物	外伝・オリジナルエピソードの登場人物 > 千億の星、千億の光	ヴァレリー・リン・フィッツシモンズ	ヴァレリー・リン・フィッツシモンズ	https://ja.wikipedia.org/wiki/銀河英雄伝説の登場人物・自由惑星同盟
canon_reference	ja	銀河英雄伝説の登場人物・自由惑星同盟	652	外伝・オリジナルエピソードの登場人物	外伝・オリジナルエピソードの登場人物 > 千億の星、千億の光	ラムゼイ・ワーツ	ラムゼイ・ワーツ	https://ja.wikipedia.org/wiki/銀河英雄伝説の登場人物・自由惑星同盟
canon_reference	ja	銀河英雄伝説の登場人物・自由惑星同盟	659	外伝・オリジナルエピソードの登場人物	外伝・オリジナルエピソードの登場人物 > 星を砕く者	フェーガン	フェーガン	https://ja.wikipedia.org/wiki/銀河英雄伝説の登場人物・自由惑星同盟
canon_reference	ja	銀河英雄伝説の登場人物・自由惑星同盟	664	外伝・オリジナルエピソードの登場人物	外伝・オリジナルエピソードの登場人物 > ユリアンのイゼルローン日記	サックス	サックス	https://ja.wikipedia.org/wiki/銀河英雄伝説の登場人物・自由惑星同盟
canon_reference	ja	銀河英雄伝説の登場人物・自由惑星同盟	668	外伝・オリジナルエピソードの登場人物	外伝・オリジナルエピソードの登場人物 > ユリアンのイゼルローン日記	イヴリン・ドールトン	イヴリン・ドールトン	https://ja.wikipedia.org/wiki/銀河英雄伝説の登場人物・自由惑星同盟
canon_reference	ja	銀河英雄伝説の登場人物・自由惑星同盟	671	外伝・オリジナルエピソードの登場人物	外伝・オリジナルエピソードの登場人物 > ユリアンのイゼルローン日記	パーカスト	パーカスト	https://ja.wikipedia.org/wiki/銀河英雄伝説の登場人物・自由惑星同盟
canon_reference	ja	銀河英雄伝説の登場人物・自由惑星同盟	675	外伝・オリジナルエピソードの登場人物	外伝・オリジナルエピソードの登場人物 > ユリアンのイゼルローン日記	ラン・ホー	ラン・ホー	https://ja.wikipedia.org/wiki/銀河英雄伝説の登場人物・自由惑星同盟
canon_reference	ja	銀河英雄伝説の登場人物・自由惑星同盟	681	外伝・オリジナルエピソードの登場人物	外伝・オリジナルエピソードの登場人物 > その他OVAのオリジナルエピソード	レイモンド・トリアチ	レイモンド・トリアチ	https://ja.wikipedia.org/wiki/銀河英雄伝説の登場人物・自由惑星同盟
canon_reference	ja	銀河英雄伝説の登場人物・自由惑星同盟	686	外伝・オリジナルエピソードの登場人物	外伝・オリジナルエピソードの登場人物 > その他OVAのオリジナルエピソード	ジェイムズ・ソーンダイク	ジェイムズ・ソーンダイク	https://ja.wikipedia.org/wiki/銀河英雄伝説の登場人物・自由惑星同盟
canon_reference	ja	銀河英雄伝説の登場人物・自由惑星同盟	690	外伝・オリジナルエピソードの登場人物	外伝・オリジナルエピソードの登場人物 > その他OVAのオリジナルエピソード	フランツ・ヴァーリモント	フランツ・ヴァーリモント	https://ja.wikipedia.org/wiki/銀河英雄伝説の登場人物・自由惑星同盟
canon_reference	ja	銀河英雄伝説の登場人物・自由惑星同盟	703	列伝の登場人物	列伝の登場人物 > 星たちの舞台	ヒュパティア・ミルズ	ヒュパティア・ミルズ	https://ja.wikipedia.org/wiki/銀河英雄伝説の登場人物・自由惑星同盟
canon_reference	ja	銀河英雄伝説の登場人物・その他	8	フェザーン自治領	フェザーン自治領 > 政治家・官僚	アドリアン・ルビンスキー (Adrian Rubinsky)	アドリアン・ルビンスキー (Adrian Rubinsky)	https://ja.wikipedia.org/wiki/銀河英雄伝説の登場人物・その他
canon_reference	ja	銀河英雄伝説の登場人物・その他	16	フェザーン自治領	フェザーン自治領 > 政治家・官僚	ドミニク・サン・ピエール (Dominique Saint-Pierre)	ドミニク・サン・ピエール (Dominique Saint-Pierre)	https://ja.wikipedia.org/wiki/銀河英雄伝説の登場人物・その他
canon_reference	ja	銀河英雄伝説の登場人物・その他	23	フェザーン自治領	フェザーン自治領 > 政治家・官僚	ニコラス・ボルテック (Nikolas Boltik)	ニコラス・ボルテック (Nikolas Boltik)	https://ja.wikipedia.org/wiki/銀河英雄伝説の登場人物・その他
canon_reference	ja	銀河英雄伝説の登場人物・その他	28	フェザーン自治領	フェザーン自治領 > 政治家・官僚	ルパート・ケッセルリンク (Rupert Kesselrink)	ルパート・ケッセルリンク (Rupert Kesselrink)	https://ja.wikipedia.org/wiki/銀河英雄伝説の登場人物・その他
canon_reference	ja	銀河英雄伝説の登場人物・その他	35	フェザーン自治領	フェザーン自治領 > 政治家・官僚	ブレツェリ	ブレツェリ	https://ja.wikipedia.org/wiki/銀河英雄伝説の登場人物・その他
canon_reference	ja	銀河英雄伝説の登場人物・その他	41	フェザーン自治領	フェザーン自治領 > 政治家・官僚	グラズノフ (Glazunov)	グラズノフ (Glazunov)	https://ja.wikipedia.org/wiki/銀河英雄伝説の登場人物・その他
canon_reference	ja	銀河英雄伝説の登場人物・その他	46	フェザーン自治領	フェザーン自治領 > 政治家・官僚	ボリス・コーネフ	ボリス・コーネフ	https://ja.wikipedia.org/wiki/銀河英雄伝説の登場人物・その他
canon_reference	ja	銀河英雄伝説の登場人物・その他	51	フェザーン自治領	フェザーン自治領 > 自由商人	ボリス・コーネフ (Boris Konev)	ボリス・コーネフ (Boris Konev)	https://ja.wikipedia.org/wiki/銀河英雄伝説の登場人物・その他
canon_reference	ja	銀河英雄伝説の登場人物・その他	56	フェザーン自治領	フェザーン自治領 > 自由商人	マリネスク (Marinesk)	マリネスク (Marinesk)	https://ja.wikipedia.org/wiki/銀河英雄伝説の登場人物・その他
canon_reference	ja	銀河英雄伝説の登場人物・その他	61	フェザーン自治領	フェザーン自治領 > 自由商人	カーレ・ウィロック (Karle Wiloc)	カーレ・ウィロック (Karle Wiloc)	https://ja.wikipedia.org/wiki/銀河英雄伝説の登場人物・その他
canon_reference	ja	銀河英雄伝説の登場人物・その他	66	フェザーン自治領	フェザーン自治領 > 自由商人	ナポレオン・アントワーヌ・ド・オットテール (Napoleon Antoine de Hottetaire)	ナポレオン・アントワーヌ・ド・オットテール (Napoleon Antoine de Hottetaire)	https://ja.wikipedia.org/wiki/銀河英雄伝説の登場人物・その他
canon_reference	ja	銀河英雄伝説の登場人物・その他	70	フェザーン自治領	フェザーン自治領 > 自由商人	ボーメル (Bawmel)	ボーメル (Bawmel)	https://ja.wikipedia.org/wiki/銀河英雄伝説の登場人物・その他
canon_reference	ja	銀河英雄伝説の登場人物・その他	76	地球教	地球教	総大主教（グランド・ビショップ）	総大主教（グランド・ビショップ）	https://ja.wikipedia.org/wiki/銀河英雄伝説の登場人物・その他
canon_reference	ja	銀河英雄伝説の登場人物・その他	82	地球教	地球教	ド・ヴィリエ (De Villier)	ド・ヴィリエ (De Villier)	https://ja.wikipedia.org/wiki/銀河英雄伝説の登場人物・その他
canon_reference	ja	銀河英雄伝説の登場人物・その他	88	地球教	地球教	デグスビイ (Degsby)	デグスビイ (Degsby)	https://ja.wikipedia.org/wiki/銀河英雄伝説の登場人物・その他
canon_reference	ja	銀河英雄伝説の登場人物・その他	94	地球教	地球教	ゴドウィン (Godwin)	ゴドウィン (Godwin)	https://ja.wikipedia.org/wiki/銀河英雄伝説の登場人物・その他
canon_reference	ja	銀河英雄伝説の歴史上の人物	8	ゴールデンバウム王朝歴代皇帝	ゴールデンバウム王朝歴代皇帝	ルドルフ（ルドルフ・フォン・ゴールデンバウム）	ルドルフ（ルドルフ・フォン・ゴールデンバウム）	https://ja.wikipedia.org/wiki/銀河英雄伝説の歴史上の人物
canon_reference	ja	銀河英雄伝説の歴史上の人物	14	ゴールデンバウム王朝歴代皇帝	ゴールデンバウム王朝歴代皇帝	ジギスムント1世	ジギスムント1世	https://ja.wikipedia.org/wiki/銀河英雄伝説の歴史上の人物
canon_reference	ja	銀河英雄伝説の歴史上の人物	17	ゴールデンバウム王朝歴代皇帝	ゴールデンバウム王朝歴代皇帝	リヒャルト1世	リヒャルト1世	https://ja.wikipedia.org/wiki/銀河英雄伝説の歴史上の人物
canon_reference	ja	銀河英雄伝説の歴史上の人物	20	ゴールデンバウム王朝歴代皇帝	ゴールデンバウム王朝歴代皇帝	オトフリート1世	オトフリート1世	https://ja.wikipedia.org/wiki/銀河英雄伝説の歴史上の人物
canon_reference	ja	銀河英雄伝説の歴史上の人物	23	ゴールデンバウム王朝歴代皇帝	ゴールデンバウム王朝歴代皇帝	カスパー	カスパー	https://ja.wikipedia.org/wiki/銀河英雄伝説の歴史上の人物
canon_reference	ja	銀河英雄伝説の歴史上の人物	27	ゴールデンバウム王朝歴代皇帝	ゴールデンバウム王朝歴代皇帝	ユリウス1世	ユリウス1世	https://ja.wikipedia.org/wiki/銀河英雄伝説の歴史上の人物
canon_reference	ja	銀河英雄伝説の歴史上の人物	31	ゴールデンバウム王朝歴代皇帝	ゴールデンバウム王朝歴代皇帝	ジギスムント2世	ジギスムント2世	https://ja.wikipedia.org/wiki/銀河英雄伝説の歴史上の人物
canon_reference	ja	銀河英雄伝説の歴史上の人物	34	ゴールデンバウム王朝歴代皇帝	ゴールデンバウム王朝歴代皇帝	オトフリート2世	オトフリート2世	https://ja.wikipedia.org/wiki/銀河英雄伝説の歴史上の人物
canon_reference	ja	銀河英雄伝説の歴史上の人物	37	ゴールデンバウム王朝歴代皇帝	ゴールデンバウム王朝歴代皇帝	アウグスト1世	アウグスト1世	https://ja.wikipedia.org/wiki/銀河英雄伝説の歴史上の人物
canon_reference	ja	銀河英雄伝説の歴史上の人物	40	ゴールデンバウム王朝歴代皇帝	ゴールデンバウム王朝歴代皇帝	エーリッヒ1世	エーリッヒ1世	https://ja.wikipedia.org/wiki/銀河英雄伝説の歴史上の人物
canon_reference	ja	銀河英雄伝説の歴史上の人物	42	ゴールデンバウム王朝歴代皇帝	ゴールデンバウム王朝歴代皇帝	リヒャルト2世	リヒャルト2世	https://ja.wikipedia.org/wiki/銀河英雄伝説の歴史上の人物
canon_reference	ja	銀河英雄伝説の歴史上の人物	44	ゴールデンバウム王朝歴代皇帝	ゴールデンバウム王朝歴代皇帝	オットー・ハインツ1世	オットー・ハインツ1世	https://ja.wikipedia.org/wiki/銀河英雄伝説の歴史上の人物
canon_reference	ja	銀河英雄伝説の歴史上の人物	46	ゴールデンバウム王朝歴代皇帝	ゴールデンバウム王朝歴代皇帝	リヒャルト3世	リヒャルト3世	https://ja.wikipedia.org/wiki/銀河英雄伝説の歴史上の人物
canon_reference	ja	銀河英雄伝説の歴史上の人物	48	ゴールデンバウム王朝歴代皇帝	ゴールデンバウム王朝歴代皇帝	アウグスト2世	アウグスト2世	https://ja.wikipedia.org/wiki/銀河英雄伝説の歴史上の人物
canon_reference	ja	銀河英雄伝説の歴史上の人物	52	ゴールデンバウム王朝歴代皇帝	ゴールデンバウム王朝歴代皇帝	エーリッヒ2世	エーリッヒ2世	https://ja.wikipedia.org/wiki/銀河英雄伝説の歴史上の人物
canon_reference	ja	銀河英雄伝説の歴史上の人物	55	ゴールデンバウム王朝歴代皇帝	ゴールデンバウム王朝歴代皇帝	フリードリヒ1世	フリードリヒ1世	https://ja.wikipedia.org/wiki/銀河英雄伝説の歴史上の人物
canon_reference	ja	銀河英雄伝説の歴史上の人物	57	ゴールデンバウム王朝歴代皇帝	ゴールデンバウム王朝歴代皇帝	レオンハルト1世	レオンハルト1世	https://ja.wikipedia.org/wiki/銀河英雄伝説の歴史上の人物
canon_reference	ja	銀河英雄伝説の歴史上の人物	59	ゴールデンバウム王朝歴代皇帝	ゴールデンバウム王朝歴代皇帝	フリードリヒ2世	フリードリヒ2世	https://ja.wikipedia.org/wiki/銀河英雄伝説の歴史上の人物
canon_reference	ja	銀河英雄伝説の歴史上の人物	61	ゴールデンバウム王朝歴代皇帝	ゴールデンバウム王朝歴代皇帝	レオンハルト2世	レオンハルト2世	https://ja.wikipedia.org/wiki/銀河英雄伝説の歴史上の人物
canon_reference	ja	銀河英雄伝説の歴史上の人物	64	ゴールデンバウム王朝歴代皇帝	ゴールデンバウム王朝歴代皇帝	フリードリヒ3世	フリードリヒ3世	https://ja.wikipedia.org/wiki/銀河英雄伝説の歴史上の人物
canon_reference	ja	銀河英雄伝説の歴史上の人物	67	ゴールデンバウム王朝歴代皇帝	ゴールデンバウム王朝歴代皇帝	マクシミリアン・ヨーゼフ1世	マクシミリアン・ヨーゼフ1世	https://ja.wikipedia.org/wiki/銀河英雄伝説の歴史上の人物
canon_reference	ja	銀河英雄伝説の歴史上の人物	70	ゴールデンバウム王朝歴代皇帝	ゴールデンバウム王朝歴代皇帝	グスタフ	グスタフ	https://ja.wikipedia.org/wiki/銀河英雄伝説の歴史上の人物
canon_reference	ja	銀河英雄伝説の歴史上の人物	73	ゴールデンバウム王朝歴代皇帝	ゴールデンバウム王朝歴代皇帝	マクシミリアン・ヨーゼフ2世	マクシミリアン・ヨーゼフ2世	https://ja.wikipedia.org/wiki/銀河英雄伝説の歴史上の人物
canon_reference	ja	銀河英雄伝説の歴史上の人物	77	ゴールデンバウム王朝歴代皇帝	ゴールデンバウム王朝歴代皇帝	コルネリアス1世	コルネリアス1世	https://ja.wikipedia.org/wiki/銀河英雄伝説の歴史上の人物
canon_reference	ja	銀河英雄伝説の歴史上の人物	81	ゴールデンバウム王朝歴代皇帝	ゴールデンバウム王朝歴代皇帝	マンフレート1世	マンフレート1世	https://ja.wikipedia.org/wiki/銀河英雄伝説の歴史上の人物
canon_reference	ja	銀河英雄伝説の歴史上の人物	83	ゴールデンバウム王朝歴代皇帝	ゴールデンバウム王朝歴代皇帝	ヘルムート	ヘルムート	https://ja.wikipedia.org/wiki/銀河英雄伝説の歴史上の人物
canon_reference	ja	銀河英雄伝説の歴史上の人物	85	ゴールデンバウム王朝歴代皇帝	ゴールデンバウム王朝歴代皇帝	マンフレート2世	マンフレート2世	https://ja.wikipedia.org/wiki/銀河英雄伝説の歴史上の人物
canon_reference	ja	銀河英雄伝説の歴史上の人物	88	ゴールデンバウム王朝歴代皇帝	ゴールデンバウム王朝歴代皇帝	ウィルヘルム1世	ウィルヘルム1世	https://ja.wikipedia.org/wiki/銀河英雄伝説の歴史上の人物
canon_reference	ja	銀河英雄伝説の歴史上の人物	90	ゴールデンバウム王朝歴代皇帝	ゴールデンバウム王朝歴代皇帝	ウィルヘルム2世	ウィルヘルム2世	https://ja.wikipedia.org/wiki/銀河英雄伝説の歴史上の人物
canon_reference	ja	銀河英雄伝説の歴史上の人物	92	ゴールデンバウム王朝歴代皇帝	ゴールデンバウム王朝歴代皇帝	コルネリアス2世	コルネリアス2世	https://ja.wikipedia.org/wiki/銀河英雄伝説の歴史上の人物
canon_reference	ja	銀河英雄伝説の歴史上の人物	94	ゴールデンバウム王朝歴代皇帝	ゴールデンバウム王朝歴代皇帝	オトフリート3世	オトフリート3世	https://ja.wikipedia.org/wiki/銀河英雄伝説の歴史上の人物
canon_reference	ja	銀河英雄伝説の歴史上の人物	98	ゴールデンバウム王朝歴代皇帝	ゴールデンバウム王朝歴代皇帝	エルウィン・ヨーゼフ1世	エルウィン・ヨーゼフ1世	https://ja.wikipedia.org/wiki/銀河英雄伝説の歴史上の人物
canon_reference	ja	銀河英雄伝説の歴史上の人物	100	ゴールデンバウム王朝歴代皇帝	ゴールデンバウム王朝歴代皇帝	オトフリート4世	オトフリート4世	https://ja.wikipedia.org/wiki/銀河英雄伝説の歴史上の人物
canon_reference	ja	銀河英雄伝説の歴史上の人物	103	ゴールデンバウム王朝歴代皇帝	ゴールデンバウム王朝歴代皇帝	オットー・ハインツ2世	オットー・ハインツ2世	https://ja.wikipedia.org/wiki/銀河英雄伝説の歴史上の人物
canon_reference	ja	銀河英雄伝説の歴史上の人物	105	ゴールデンバウム王朝歴代皇帝	ゴールデンバウム王朝歴代皇帝	オトフリート5世	オトフリート5世	https://ja.wikipedia.org/wiki/銀河英雄伝説の歴史上の人物
canon_reference	ja	銀河英雄伝説の歴史上の人物	109	ゴールデンバウム王朝歴代皇帝	ゴールデンバウム王朝歴代皇帝	フリードリヒ4世	フリードリヒ4世	https://ja.wikipedia.org/wiki/銀河英雄伝説の歴史上の人物
canon_reference	ja	銀河英雄伝説の歴史上の人物	112	ゴールデンバウム王朝歴代皇帝	ゴールデンバウム王朝歴代皇帝	エルウィン・ヨーゼフ2世	エルウィン・ヨーゼフ2世	https://ja.wikipedia.org/wiki/銀河英雄伝説の歴史上の人物
canon_reference	ja	銀河英雄伝説の歴史上の人物	115	ゴールデンバウム王朝歴代皇帝	ゴールデンバウム王朝歴代皇帝	カザリン・ケートヘン1世	カザリン・ケートヘン1世	https://ja.wikipedia.org/wiki/銀河英雄伝説の歴史上の人物
canon_reference	ja	銀河英雄伝説の歴史上の人物	121	ゴールデンバウム王朝歴代皇帝	ゴールデンバウム王朝歴代皇帝 > その他の皇帝	ルードヴィヒ3世	ルードヴィヒ3世	https://ja.wikipedia.org/wiki/銀河英雄伝説の歴史上の人物
canon_reference	ja	銀河英雄伝説の歴史上の人物	124	ゴールデンバウム王朝歴代皇帝	ゴールデンバウム王朝歴代皇帝 > その他の皇帝	ゲオルク2世	ゲオルク2世	https://ja.wikipedia.org/wiki/銀河英雄伝説の歴史上の人物
canon_reference	ja	銀河英雄伝説の歴史上の人物	130	帝国黎明期	帝国黎明期	ルドルフ・フォン・ゴールデンバウム	ルドルフ・フォン・ゴールデンバウム	https://ja.wikipedia.org/wiki/銀河英雄伝説の歴史上の人物
canon_reference	ja	銀河英雄伝説の歴史上の人物	133	帝国黎明期	帝国黎明期	エルンスト・ファルストロング	エルンスト・ファルストロング	https://ja.wikipedia.org/wiki/銀河英雄伝説の歴史上の人物
canon_reference	ja	銀河英雄伝説の歴史上の人物	137	帝国黎明期	帝国黎明期	アルブレヒト・フォン・クロプシュトック	アルブレヒト・フォン・クロプシュトック	https://ja.wikipedia.org/wiki/銀河英雄伝説の歴史上の人物
canon_reference	ja	銀河英雄伝説の歴史上の人物	141	帝国黎明期	帝国黎明期	クレーフェ	クレーフェ	https://ja.wikipedia.org/wiki/銀河英雄伝説の歴史上の人物
canon_reference	ja	銀河英雄伝説の歴史上の人物	144	帝国黎明期	帝国黎明期	ジギスムント1世	ジギスムント1世	https://ja.wikipedia.org/wiki/銀河英雄伝説の歴史上の人物
canon_reference	ja	銀河英雄伝説の歴史上の人物	147	帝国黎明期	帝国黎明期	ヨアヒム・フォン・ノイエ・シュタウフェン	ヨアヒム・フォン・ノイエ・シュタウフェン	https://ja.wikipedia.org/wiki/銀河英雄伝説の歴史上の人物
canon_reference	ja	銀河英雄伝説の歴史上の人物	150	帝国黎明期	帝国黎明期	エックハルト	エックハルト	https://ja.wikipedia.org/wiki/銀河英雄伝説の歴史上の人物
canon_reference	ja	銀河英雄伝説の歴史上の人物	153	帝国黎明期	帝国黎明期	フランツ・オットー	フランツ・オットー	https://ja.wikipedia.org/wiki/銀河英雄伝説の歴史上の人物
canon_reference	ja	銀河英雄伝説の歴史上の人物	156	帝国黎明期	帝国黎明期	カール	カール	https://ja.wikipedia.org/wiki/銀河英雄伝説の歴史上の人物
canon_reference	ja	銀河英雄伝説の歴史上の人物	162	同盟黎明期（長征1万光年）	同盟黎明期（長征1万光年）	アーレ・ハイネセン	アーレ・ハイネセン	https://ja.wikipedia.org/wiki/銀河英雄伝説の歴史上の人物
canon_reference	ja	銀河英雄伝説の歴史上の人物	166	同盟黎明期（長征1万光年）	同盟黎明期（長征1万光年）	グエン・キム・ホア	グエン・キム・ホア	https://ja.wikipedia.org/wiki/銀河英雄伝説の歴史上の人物
canon_reference	ja	銀河英雄伝説の歴史上の人物	177	ダゴン星域会戦	ダゴン星域会戦 > 同盟（ダゴン星域会戦）	リン・パオ	リン・パオ	https://ja.wikipedia.org/wiki/銀河英雄伝説の歴史上の人物
canon_reference	ja	銀河英雄伝説の歴史上の人物	182	ダゴン星域会戦	ダゴン星域会戦 > 同盟（ダゴン星域会戦）	ユースフ・トパロウル	ユースフ・トパロウル	https://ja.wikipedia.org/wiki/銀河英雄伝説の歴史上の人物
canon_reference	ja	銀河英雄伝説の歴史上の人物	187	ダゴン星域会戦	ダゴン星域会戦 > 同盟（ダゴン星域会戦）	オルトリッチ	オルトリッチ	https://ja.wikipedia.org/wiki/銀河英雄伝説の歴史上の人物
canon_reference	ja	銀河英雄伝説の歴史上の人物	190	ダゴン星域会戦	ダゴン星域会戦 > 同盟（ダゴン星域会戦）	マヌエル・ジョアン・パトリシオ	マヌエル・ジョアン・パトリシオ	https://ja.wikipedia.org/wiki/銀河英雄伝説の歴史上の人物
canon_reference	ja	銀河英雄伝説の歴史上の人物	194	ダゴン星域会戦	ダゴン星域会戦 > 同盟（ダゴン星域会戦）	コーネル・ヤングブラッド	コーネル・ヤングブラッド	https://ja.wikipedia.org/wiki/銀河英雄伝説の歴史上の人物
canon_reference	ja	銀河英雄伝説の歴史上の人物	198	ダゴン星域会戦	ダゴン星域会戦 > 同盟（ダゴン星域会戦）	ビロライネン	ビロライネン	https://ja.wikipedia.org/wiki/銀河英雄伝説の歴史上の人物
canon_reference	ja	銀河英雄伝説の歴史上の人物	203	ダゴン星域会戦	ダゴン星域会戦 > 帝国（ダゴン星域会戦）	ヘルベルト	ヘルベルト	https://ja.wikipedia.org/wiki/銀河英雄伝説の歴史上の人物
canon_reference	ja	銀河英雄伝説の歴史上の人物	209	ダゴン星域会戦	ダゴン星域会戦 > 帝国（ダゴン星域会戦）	ゴットリーブ・フォン・インゴルシュタット	ゴットリーブ・フォン・インゴルシュタット	https://ja.wikipedia.org/wiki/銀河英雄伝説の歴史上の人物
canon_reference	ja	銀河英雄伝説の歴史上の人物	214	ダゴン星域会戦	ダゴン星域会戦 > 帝国（ダゴン星域会戦）	パッセンハイム	パッセンハイム	https://ja.wikipedia.org/wiki/銀河英雄伝説の歴史上の人物
canon_reference	ja	銀河英雄伝説の歴史上の人物	217	ダゴン星域会戦	ダゴン星域会戦 > 帝国（ダゴン星域会戦）	オスヴァルト・フォン・ミュンツァー	オスヴァルト・フォン・ミュンツァー	https://ja.wikipedia.org/wiki/銀河英雄伝説の歴史上の人物
canon_reference	ja	銀河英雄伝説の歴史上の人物	222	ダゴン星域会戦	ダゴン星域会戦 > 帝国（ダゴン星域会戦）	ステファン・フォン・バルトバッフェル	ステファン・フォン・バルトバッフェル	https://ja.wikipedia.org/wiki/銀河英雄伝説の歴史上の人物
canon_reference	ja	銀河英雄伝説の歴史上の人物	226	ダゴン星域会戦	ダゴン星域会戦 > 帝国（ダゴン星域会戦）	フリードリヒ3世	フリードリヒ3世	https://ja.wikipedia.org/wiki/銀河英雄伝説の歴史上の人物
canon_reference	ja	銀河英雄伝説の歴史上の人物	237	第2次ティアマト会戦	第2次ティアマト会戦 > 同盟（第2次ティアマト会戦）	ブルース・アッシュビー	ブルース・アッシュビー	https://ja.wikipedia.org/wiki/銀河英雄伝説の歴史上の人物
canon_reference	ja	銀河英雄伝説の歴史上の人物	247	第2次ティアマト会戦	第2次ティアマト会戦 > 同盟（第2次ティアマト会戦）	アルフレッド・ローザス	アルフレッド・ローザス	https://ja.wikipedia.org/wiki/銀河英雄伝説の歴史上の人物
canon_reference	ja	銀河英雄伝説の歴史上の人物	251	第2次ティアマト会戦	第2次ティアマト会戦 > 同盟（第2次ティアマト会戦）	フレデリック・ジャスパー	フレデリック・ジャスパー	https://ja.wikipedia.org/wiki/銀河英雄伝説の歴史上の人物
canon_reference	ja	銀河英雄伝説の歴史上の人物	257	第2次ティアマト会戦	第2次ティアマト会戦 > 同盟（第2次ティアマト会戦）	ウォリス・ウォーリック	ウォリス・ウォーリック	https://ja.wikipedia.org/wiki/銀河英雄伝説の歴史上の人物
canon_reference	ja	銀河英雄伝説の歴史上の人物	263	第2次ティアマト会戦	第2次ティアマト会戦 > 同盟（第2次ティアマト会戦）	ファン・チューリン	ファン・チューリン	https://ja.wikipedia.org/wiki/銀河英雄伝説の歴史上の人物
canon_reference	ja	銀河英雄伝説の歴史上の人物	269	第2次ティアマト会戦	第2次ティアマト会戦 > 同盟（第2次ティアマト会戦）	ジョン・ドリンカー・コープ（John Drinker Cope）	ジョン・ドリンカー・コープ（John Drinker Cope）	https://ja.wikipedia.org/wiki/銀河英雄伝説の歴史上の人物
canon_reference	ja	銀河英雄伝説の歴史上の人物	275	第2次ティアマト会戦	第2次ティアマト会戦 > 同盟（第2次ティアマト会戦）	ヴィットリオ・ディ・ベルティーニ	ヴィットリオ・ディ・ベルティーニ	https://ja.wikipedia.org/wiki/銀河英雄伝説の歴史上の人物
canon_reference	ja	銀河英雄伝説の歴史上の人物	281	第2次ティアマト会戦	第2次ティアマト会戦 > 同盟（第2次ティアマト会戦）	マルティン・オットー・フォン・ジークマイスター	マルティン・オットー・フォン・ジークマイスター	https://ja.wikipedia.org/wiki/銀河英雄伝説の歴史上の人物
canon_reference	ja	銀河英雄伝説の歴史上の人物	288	第2次ティアマト会戦	第2次ティアマト会戦 > 帝国（第2次ティアマト会戦）	クリストフ・フォン・ミヒャールゼン	クリストフ・フォン・ミヒャールゼン	https://ja.wikipedia.org/wiki/銀河英雄伝説の歴史上の人物
canon_reference	ja	銀河英雄伝説の歴史上の人物	292	第2次ティアマト会戦	第2次ティアマト会戦 > 帝国（第2次ティアマト会戦）	ハウザー・フォン・シュタイエルマルク	ハウザー・フォン・シュタイエルマルク	https://ja.wikipedia.org/wiki/銀河英雄伝説の歴史上の人物
canon_reference	ja	銀河英雄伝説の歴史上の人物	297	第2次ティアマト会戦	第2次ティアマト会戦 > 帝国（第2次ティアマト会戦）	コーゼル	コーゼル	https://ja.wikipedia.org/wiki/銀河英雄伝説の歴史上の人物
canon_reference	ja	銀河英雄伝説の歴史上の人物	302	第2次ティアマト会戦	第2次ティアマト会戦 > 帝国（第2次ティアマト会戦）	ウィルヘルム・フォン・ミュッケンベルガー	ウィルヘルム・フォン・ミュッケンベルガー	https://ja.wikipedia.org/wiki/銀河英雄伝説の歴史上の人物
canon_reference	ja	銀河英雄伝説の歴史上の人物	306	第2次ティアマト会戦	第2次ティアマト会戦 > 帝国（第2次ティアマト会戦）	ケルトリング	ケルトリング	https://ja.wikipedia.org/wiki/銀河英雄伝説の歴史上の人物
canon_reference	ja	銀河英雄伝説の歴史上の人物	310	第2次ティアマト会戦	第2次ティアマト会戦 > 帝国（第2次ティアマト会戦）	ツィーテン	ツィーテン	https://ja.wikipedia.org/wiki/銀河英雄伝説の歴史上の人物
canon_reference	ja	銀河英雄伝説の歴史上の人物	316	フェザーン	フェザーン	レオポルド・ラープ（Leopold Lape）	レオポルド・ラープ（Leopold Lape）	https://ja.wikipedia.org/wiki/銀河英雄伝説の歴史上の人物
canon_reference	ja	銀河英雄伝説の歴史上の人物	319	フェザーン	フェザーン	ワレンコフ（Walenkov）	ワレンコフ（Walenkov）	https://ja.wikipedia.org/wiki/銀河英雄伝説の歴史上の人物
canon_reference	ja	銀河英雄伝説の歴史上の人物	323	フェザーン	フェザーン	バランタイン・カウフ（Valentine kauf）	バランタイン・カウフ（Valentine kauf）	https://ja.wikipedia.org/wiki/銀河英雄伝説の歴史上の人物
canon_reference	ja	銀河英雄伝説の歴史上の人物	327	銀河連邦	銀河連邦	C・ウッド	C・ウッド	https://ja.wikipedia.org/wiki/銀河英雄伝説の歴史上の人物
canon_reference	ko	은하영웅전설의 등장인물 목록	6	은하 제국	은하 제국 > 로엔그람 왕조 > 황실	라인하르트 폰 로엔그람	라인하르트 폰 로엔그람	https://ko.wikipedia.org/wiki/은하영웅전설의_등장인물_목록
canon_reference	ko	은하영웅전설의 등장인물 목록	8	은하 제국	은하 제국 > 로엔그람 왕조 > 황실	지크프리트 키르히아이스	지크프리트 키르히아이스	https://ko.wikipedia.org/wiki/은하영웅전설의_등장인물_목록
canon_reference	ko	은하영웅전설의 등장인물 목록	10	은하 제국	은하 제국 > 로엔그람 왕조 > 황실	안네로제 폰 그뤼네발트	안네로제 폰 그뤼네발트	https://ko.wikipedia.org/wiki/은하영웅전설의_등장인물_목록
canon_reference	ko	은하영웅전설의 등장인물 목록	12	은하 제국	은하 제국 > 로엔그람 왕조 > 황실	힐데가르트 폰 마린도르프	힐데가르트 폰 마린도르프	https://ko.wikipedia.org/wiki/은하영웅전설의_등장인물_목록
canon_reference	ko	은하영웅전설의 등장인물 목록	16	은하 제국	은하 제국 > 로엔그람 왕조 > 제국군	볼프강 미터마이어	볼프강 미터마이어	https://ko.wikipedia.org/wiki/은하영웅전설의_등장인물_목록
canon_reference	ko	은하영웅전설의 등장인물 목록	17	은하 제국	은하 제국 > 로엔그람 왕조 > 제국군	오스카 폰 로이엔탈	오스카 폰 로이엔탈	https://ko.wikipedia.org/wiki/은하영웅전설의_등장인물_목록
canon_reference	ko	은하영웅전설의 등장인물 목록	18	은하 제국	은하 제국 > 로엔그람 왕조 > 제국군	파울 폰 오베르슈타인	파울 폰 오베르슈타인	https://ko.wikipedia.org/wiki/은하영웅전설의_등장인물_목록
canon_reference	ko	은하영웅전설의 등장인물 목록	19	은하 제국	은하 제국 > 로엔그람 왕조 > 제국군	나이트하르트 뮐러	나이트하르트 뮐러	https://ko.wikipedia.org/wiki/은하영웅전설의_등장인물_목록
canon_reference	ko	은하영웅전설의 등장인물 목록	20	은하 제국	은하 제국 > 로엔그람 왕조 > 제국군	에른스트 폰 아이제나흐	에른스트 폰 아이제나흐	https://ko.wikipedia.org/wiki/은하영웅전설의_등장인물_목록
canon_reference	ko	은하영웅전설의 등장인물 목록	21	은하 제국	은하 제국 > 로엔그람 왕조 > 제국군	울리히 케슬러	울리히 케슬러	https://ko.wikipedia.org/wiki/은하영웅전설의_등장인물_목록
canon_reference	ko	은하영웅전설의 등장인물 목록	22	은하 제국	은하 제국 > 로엔그람 왕조 > 제국군	프리츠 요제프 비텐펠트	프리츠 요제프 비텐펠트	https://ko.wikipedia.org/wiki/은하영웅전설의_등장인물_목록
canon_reference	ko	은하영웅전설의 등장인물 목록	23	은하 제국	은하 제국 > 로엔그람 왕조 > 제국군	코르넬리우스 루츠	코르넬리우스 루츠	https://ko.wikipedia.org/wiki/은하영웅전설의_등장인물_목록
canon_reference	ko	은하영웅전설의 등장인물 목록	24	은하 제국	은하 제국 > 로엔그람 왕조 > 제국군	아달베르트 폰 파렌하이트	아달베르트 폰 파렌하이트	https://ko.wikipedia.org/wiki/은하영웅전설의_등장인물_목록
canon_reference	ko	은하영웅전설의 등장인물 목록	25	은하 제국	은하 제국 > 로엔그람 왕조 > 제국군	안톤 페르너	안톤 페르너	https://ko.wikipedia.org/wiki/은하영웅전설의_등장인물_목록
canon_reference	ko	은하영웅전설의 등장인물 목록	26	은하 제국	은하 제국 > 로엔그람 왕조 > 제국군	아르투르 폰 슈트라이트	아르투르 폰 슈트라이트	https://ko.wikipedia.org/wiki/은하영웅전설의_등장인물_목록
canon_reference	ko	은하영웅전설의 등장인물 목록	27	은하 제국	은하 제국 > 로엔그람 왕조 > 제국군	아우구스트 자무엘 바렌	아우구스트 자무엘 바렌	https://ko.wikipedia.org/wiki/은하영웅전설의_등장인물_목록
canon_reference	ko	은하영웅전설의 등장인물 목록	28	은하 제국	은하 제국 > 로엔그람 왕조 > 제국군	칼 구스타프 켐프	칼 구스타프 켐프	https://ko.wikipedia.org/wiki/은하영웅전설의_등장인물_목록
canon_reference	ko	은하영웅전설의 등장인물 목록	29	은하 제국	은하 제국 > 로엔그람 왕조 > 제국군	테오도르 폰 뤼케	테오도르 폰 뤼케	https://ko.wikipedia.org/wiki/은하영웅전설의_등장인물_목록
canon_reference	ko	은하영웅전설의 등장인물 목록	30	은하 제국	은하 제국 > 로엔그람 왕조 > 제국군	에른스트 메크링거	에른스트 메크링거	https://ko.wikipedia.org/wiki/은하영웅전설의_등장인물_목록
canon_reference	ko	은하영웅전설의 등장인물 목록	31	은하 제국	은하 제국 > 로엔그람 왕조 > 제국군	헬무트 렌넨캄프	헬무트 렌넨캄프	https://ko.wikipedia.org/wiki/은하영웅전설의_등장인물_목록
canon_reference	ko	은하영웅전설의 등장인물 목록	32	은하 제국	은하 제국 > 로엔그람 왕조 > 제국군	권터 키슬링	권터 키슬링	https://ko.wikipedia.org/wiki/은하영웅전설의_등장인물_목록
canon_reference	ko	은하영웅전설의 등장인물 목록	36	은하 제국	은하 제국 > 골덴바움 왕조 > 황족	루돌프 폰 골덴바움	루돌프 폰 골덴바움	https://ko.wikipedia.org/wiki/은하영웅전설의_등장인물_목록
canon_reference	ko	은하영웅전설의 등장인물 목록	38	은하 제국	은하 제국 > 골덴바움 왕조 > 황족	프리드리히 4세	프리드리히 4세	https://ko.wikipedia.org/wiki/은하영웅전설의_등장인물_목록
canon_reference	ko	은하영웅전설의 등장인물 목록	40	은하 제국	은하 제국 > 골덴바움 왕조 > 황족	에르빈 요제프 2세	에르빈 요제프 2세	https://ko.wikipedia.org/wiki/은하영웅전설의_등장인물_목록
canon_reference	ko	은하영웅전설의 등장인물 목록	44	은하 제국	은하 제국 > 골덴바움 왕조 > 제국군	그레고르 폰 뮈켄베르거	그레고르 폰 뮈켄베르거	https://ko.wikipedia.org/wiki/은하영웅전설의_등장인물_목록
canon_reference	ko	은하영웅전설의 등장인물 목록	45	은하 제국	은하 제국 > 골덴바움 왕조 > 제국군	한스 디트리히 폰 제크트	한스 디트리히 폰 제크트	https://ko.wikipedia.org/wiki/은하영웅전설의_등장인물_목록
canon_reference	ko	은하영웅전설의 등장인물 목록	48	은하 제국	은하 제국 > 골덴바움 왕조 > 립슈타트 동맹	오토 폰 브라운슈바이크	오토 폰 브라운슈바이크	https://ko.wikipedia.org/wiki/은하영웅전설의_등장인물_목록
canon_reference	ko	은하영웅전설의 등장인물 목록	49	은하 제국	은하 제국 > 골덴바움 왕조 > 립슈타트 동맹	슈타덴	슈타덴	https://ko.wikipedia.org/wiki/은하영웅전설의_등장인물_목록
canon_reference	ko	은하영웅전설의 등장인물 목록	50	은하 제국	은하 제국 > 골덴바움 왕조 > 립슈타트 동맹	오프레서	오프레서	https://ko.wikipedia.org/wiki/은하영웅전설의_등장인물_목록
canon_reference	ko	은하영웅전설의 등장인물 목록	51	은하 제국	은하 제국 > 골덴바움 왕조 > 립슈타트 동맹	프레겔	프레겔	https://ko.wikipedia.org/wiki/은하영웅전설의_등장인물_목록
canon_reference	ko	은하영웅전설의 등장인물 목록	52	은하 제국	은하 제국 > 골덴바움 왕조 > 립슈타트 동맹	빌헬름 폰 리텐하임	빌헬름 폰 리텐하임	https://ko.wikipedia.org/wiki/은하영웅전설의_등장인물_목록
canon_reference	ko	은하영웅전설의 등장인물 목록	53	은하 제국	은하 제국 > 골덴바움 왕조 > 립슈타트 동맹	안스바흐	안스바흐	https://ko.wikipedia.org/wiki/은하영웅전설의_등장인물_목록
canon_reference	ko	은하영웅전설의 등장인물 목록	56	은하 제국	은하 제국 > 골덴바움 왕조 > 은하제국 망명정부	알프레트 폰 란즈베르크	알프레트 폰 란즈베르크	https://ko.wikipedia.org/wiki/은하영웅전설의_등장인물_목록
canon_reference	ko	은하영웅전설의 등장인물 목록	60	자유 행성 동맹	자유 행성 동맹 > 양 웬리 함대	양 웬리	양 웬리	https://ko.wikipedia.org/wiki/은하영웅전설의_등장인물_목록
canon_reference	ko	은하영웅전설의 등장인물 목록	61	자유 행성 동맹	자유 행성 동맹 > 양 웬리 함대	구엔 반 휴	구엔 반 휴	https://ko.wikipedia.org/wiki/은하영웅전설의_등장인물_목록
canon_reference	ko	은하영웅전설의 등장인물 목록	62	자유 행성 동맹	자유 행성 동맹 > 양 웬리 함대	무라이	무라이	https://ko.wikipedia.org/wiki/은하영웅전설의_등장인물_목록
canon_reference	ko	은하영웅전설의 등장인물 목록	63	자유 행성 동맹	자유 행성 동맹 > 양 웬리 함대	에드윈 피셔	에드윈 피셔	https://ko.wikipedia.org/wiki/은하영웅전설의_등장인물_목록
canon_reference	ko	은하영웅전설의 등장인물 목록	64	자유 행성 동맹	자유 행성 동맹 > 양 웬리 함대	이반 코네프	이반 코네프	https://ko.wikipedia.org/wiki/은하영웅전설의_등장인물_목록
canon_reference	ko	은하영웅전설의 등장인물 목록	65	자유 행성 동맹	자유 행성 동맹 > 양 웬리 함대	표트르 파토리체프	표트르 파토리체프	https://ko.wikipedia.org/wiki/은하영웅전설의_등장인물_목록
canon_reference	ko	은하영웅전설의 등장인물 목록	67	자유 행성 동맹	자유 행성 동맹 > 양 웬리 함대 > 이젤론 공화정부	프레데리카 그린힐	프레데리카 그린힐	https://ko.wikipedia.org/wiki/은하영웅전설의_등장인물_목록
canon_reference	ko	은하영웅전설의 등장인물 목록	68	자유 행성 동맹	자유 행성 동맹 > 양 웬리 함대 > 이젤론 공화정부	더스티 아텐보로	더스티 아텐보로	https://ko.wikipedia.org/wiki/은하영웅전설의_등장인물_목록
canon_reference	ko	은하영웅전설의 등장인물 목록	69	자유 행성 동맹	자유 행성 동맹 > 양 웬리 함대 > 이젤론 공화정부	라오	라오	https://ko.wikipedia.org/wiki/은하영웅전설의_등장인물_목록
canon_reference	ko	은하영웅전설의 등장인물 목록	70	자유 행성 동맹	자유 행성 동맹 > 양 웬리 함대 > 이젤론 공화정부	율리안 민츠	율리안 민츠	https://ko.wikipedia.org/wiki/은하영웅전설의_등장인물_목록
canon_reference	ko	은하영웅전설의 등장인물 목록	71	자유 행성 동맹	자유 행성 동맹 > 양 웬리 함대 > 이젤론 공화정부	바그다쉬	바그다쉬	https://ko.wikipedia.org/wiki/은하영웅전설의_등장인물_목록
canon_reference	ko	은하영웅전설의 등장인물 목록	72	자유 행성 동맹	자유 행성 동맹 > 양 웬리 함대 > 이젤론 공화정부	알렉스 카젤느	알렉스 카젤느	https://ko.wikipedia.org/wiki/은하영웅전설의_등장인물_목록
canon_reference	ko	은하영웅전설의 등장인물 목록	73	자유 행성 동맹	자유 행성 동맹 > 양 웬리 함대 > 이젤론 공화정부	올리비에 포플랭	올리비에 포플랭	https://ko.wikipedia.org/wiki/은하영웅전설의_등장인물_목록
canon_reference	ko	은하영웅전설의 등장인물 목록	74	자유 행성 동맹	자유 행성 동맹 > 양 웬리 함대 > 이젤론 공화정부	카테로제 폰 크로이처	카테로제 폰 크로이처	https://ko.wikipedia.org/wiki/은하영웅전설의_등장인물_목록
canon_reference	ko	은하영웅전설의 등장인물 목록	77	자유 행성 동맹	자유 행성 동맹 > 양 웬리 함대 > 장미의 기사(로젠리터) 연대	발터 폰 쇤코프	발터 폰 쇤코프	https://ko.wikipedia.org/wiki/은하영웅전설의_등장인물_목록
canon_reference	ko	은하영웅전설의 등장인물 목록	79	자유 행성 동맹	자유 행성 동맹 > 양 웬리 함대 > 장미의 기사(로젠리터) 연대	라이너 브룸하르트	라이너 브룸하르트	https://ko.wikipedia.org/wiki/은하영웅전설의_등장인물_목록
canon_reference	ko	은하영웅전설의 등장인물 목록	81	자유 행성 동맹	자유 행성 동맹 > 양 웬리 함대 > 장미의 기사(로젠리터) 연대	루이 마솅고	루이 마솅고	https://ko.wikipedia.org/wiki/은하영웅전설의_등장인물_목록
canon_reference	ko	은하영웅전설의 등장인물 목록	83	자유 행성 동맹	자유 행성 동맹 > 양 웬리 함대 > 장미의 기사(로젠리터) 연대	카스퍼 린츠	카스퍼 린츠	https://ko.wikipedia.org/wiki/은하영웅전설의_등장인물_목록
canon_reference	ko	은하영웅전설의 등장인물 목록	87	자유 행성 동맹	자유 행성 동맹 > 양 웬리 함대 > 메르카츠 일행	빌리바르트 요아힘 폰 메르카츠	빌리바르트 요아힘 폰 메르카츠	https://ko.wikipedia.org/wiki/은하영웅전설의_등장인물_목록
canon_reference	ko	은하영웅전설의 등장인물 목록	88	자유 행성 동맹	자유 행성 동맹 > 양 웬리 함대 > 메르카츠 일행	베른하르트 폰 슈나이더	베른하르트 폰 슈나이더	https://ko.wikipedia.org/wiki/은하영웅전설의_등장인물_목록
canon_reference	ko	은하영웅전설의 등장인물 목록	91	자유 행성 동맹	자유 행성 동맹 > 동맹 정치가	로열 샌포드	로열 샌포드	https://ko.wikipedia.org/wiki/은하영웅전설의_등장인물_목록
canon_reference	ko	은하영웅전설의 등장인물 목록	92	자유 행성 동맹	자유 행성 동맹 > 동맹 정치가	욥 트류니히트	욥 트류니히트	https://ko.wikipedia.org/wiki/은하영웅전설의_등장인물_목록
canon_reference	ko	은하영웅전설의 등장인물 목록	93	자유 행성 동맹	자유 행성 동맹 > 동맹 정치가	제시카 에드워즈	제시카 에드워즈	https://ko.wikipedia.org/wiki/은하영웅전설의_등장인물_목록
canon_reference	ko	은하영웅전설의 등장인물 목록	94	자유 행성 동맹	자유 행성 동맹 > 동맹 정치가	죠안 레벨로	죠안 레벨로	https://ko.wikipedia.org/wiki/은하영웅전설의_등장인물_목록
canon_reference	ko	은하영웅전설의 등장인물 목록	95	자유 행성 동맹	자유 행성 동맹 > 동맹 정치가	코넬리아 윈저	코넬리아 윈저	https://ko.wikipedia.org/wiki/은하영웅전설의_등장인물_목록
canon_reference	ko	은하영웅전설의 등장인물 목록	96	자유 행성 동맹	자유 행성 동맹 > 동맹 정치가	월터 아이란즈	월터 아이란즈	https://ko.wikipedia.org/wiki/은하영웅전설의_등장인물_목록
canon_reference	ko	은하영웅전설의 등장인물 목록	97	자유 행성 동맹	자유 행성 동맹 > 동맹 정치가	호안 루이	호안 루이	https://ko.wikipedia.org/wiki/은하영웅전설의_등장인물_목록
canon_reference	ko	은하영웅전설의 등장인물 목록	100	자유 행성 동맹	자유 행성 동맹 > 동맹군	시드니 시틀레이	시드니 시틀레이	https://ko.wikipedia.org/wiki/은하영웅전설의_등장인물_목록
canon_reference	ko	은하영웅전설의 등장인물 목록	102	자유 행성 동맹	자유 행성 동맹 > 동맹군	라즐 로보스	라즐 로보스	https://ko.wikipedia.org/wiki/은하영웅전설의_등장인물_목록
canon_reference	ko	은하영웅전설의 등장인물 목록	104	자유 행성 동맹	자유 행성 동맹 > 동맹군	쿠브르슬리	쿠브르슬리	https://ko.wikipedia.org/wiki/은하영웅전설의_등장인물_목록
canon_reference	ko	은하영웅전설의 등장인물 목록	106	자유 행성 동맹	자유 행성 동맹 > 동맹군	파에타	파에타	https://ko.wikipedia.org/wiki/은하영웅전설의_등장인물_목록
canon_reference	ko	은하영웅전설의 등장인물 목록	108	자유 행성 동맹	자유 행성 동맹 > 동맹군	르페브르	르페브르	https://ko.wikipedia.org/wiki/은하영웅전설의_등장인물_목록
canon_reference	ko	은하영웅전설의 등장인물 목록	110	자유 행성 동맹	자유 행성 동맹 > 동맹군	파스톨	파스톨	https://ko.wikipedia.org/wiki/은하영웅전설의_등장인물_목록
canon_reference	ko	은하영웅전설의 등장인물 목록	112	자유 행성 동맹	자유 행성 동맹 > 동맹군	알렉산도르 뷔코크	알렉산도르 뷔코크	https://ko.wikipedia.org/wiki/은하영웅전설의_등장인물_목록
canon_reference	ko	은하영웅전설의 등장인물 목록	114	자유 행성 동맹	자유 행성 동맹 > 동맹군	무어	무어	https://ko.wikipedia.org/wiki/은하영웅전설의_등장인물_목록
canon_reference	ko	은하영웅전설의 등장인물 목록	116	자유 행성 동맹	자유 행성 동맹 > 동맹군	호우드	호우드	https://ko.wikipedia.org/wiki/은하영웅전설의_등장인물_목록
canon_reference	ko	은하영웅전설의 등장인물 목록	118	자유 행성 동맹	자유 행성 동맹 > 동맹군	애플턴	애플턴	https://ko.wikipedia.org/wiki/은하영웅전설의_등장인물_목록
canon_reference	ko	은하영웅전설의 등장인물 목록	120	자유 행성 동맹	자유 행성 동맹 > 동맹군	알 살렘	알 살렘	https://ko.wikipedia.org/wiki/은하영웅전설의_등장인물_목록
canon_reference	ko	은하영웅전설의 등장인물 목록	122	자유 행성 동맹	자유 행성 동맹 > 동맹군	우란프	우란프	https://ko.wikipedia.org/wiki/은하영웅전설의_등장인물_목록
canon_reference	ko	은하영웅전설의 등장인물 목록	124	자유 행성 동맹	자유 행성 동맹 > 동맹군	보로딘	보로딘	https://ko.wikipedia.org/wiki/은하영웅전설의_등장인물_목록
canon_reference	ko	은하영웅전설의 등장인물 목록	126	자유 행성 동맹	자유 행성 동맹 > 동맹군	장 로베르 라프	장 로베르 라프	https://ko.wikipedia.org/wiki/은하영웅전설의_등장인물_목록
canon_reference	ko	은하영웅전설의 등장인물 목록	128	자유 행성 동맹	자유 행성 동맹 > 동맹군	충 우 첸	충 우 첸	https://ko.wikipedia.org/wiki/은하영웅전설의_등장인물_목록
canon_reference	ko	은하영웅전설의 등장인물 목록	130	자유 행성 동맹	자유 행성 동맹 > 동맹군	도슨	도슨	https://ko.wikipedia.org/wiki/은하영웅전설의_등장인물_목록
canon_reference	ko	은하영웅전설의 등장인물 목록	132	자유 행성 동맹	자유 행성 동맹 > 동맹군	앤드류 포크	앤드류 포크	https://ko.wikipedia.org/wiki/은하영웅전설의_등장인물_목록
canon_reference	ko	은하영웅전설의 등장인물 목록	133	자유 행성 동맹	자유 행성 동맹 > 동맹군	라이오넬 모톤	라이오넬 모톤	https://ko.wikipedia.org/wiki/은하영웅전설의_등장인물_목록
canon_reference	ko	은하영웅전설의 등장인물 목록	135	자유 행성 동맹	자유 행성 동맹 > 동맹군	랄프 칼센	랄프 칼센	https://ko.wikipedia.org/wiki/은하영웅전설의_등장인물_목록
canon_reference	ko	은하영웅전설의 등장인물 목록	139	자유 행성 동맹	자유 행성 동맹 > 동맹군 > 구국군사회의	드와이트 그린힐	드와이트 그린힐	https://ko.wikipedia.org/wiki/은하영웅전설의_등장인물_목록
canon_reference	ko	은하영웅전설의 등장인물 목록	141	자유 행성 동맹	자유 행성 동맹 > 동맹군 > 구국군사회의	르그랑주	르그랑주	https://ko.wikipedia.org/wiki/은하영웅전설의_등장인물_목록
canon_reference	ko	은하영웅전설의 등장인물 목록	143	자유 행성 동맹	자유 행성 동맹 > 동맹군 > 구국군사회의	에벤스	에벤스	https://ko.wikipedia.org/wiki/은하영웅전설의_등장인물_목록
canon_reference	ko	은하영웅전설의 등장인물 목록	147	페잔	페잔	아드리안 루빈스키	아드리안 루빈스키	https://ko.wikipedia.org/wiki/은하영웅전설의_등장인물_목록
canon_reference	ko	은하영웅전설의 등장인물 목록	149	페잔	페잔	보리스 코네프	보리스 코네프	https://ko.wikipedia.org/wiki/은하영웅전설의_등장인물_목록
canon_reference	ko	은하영웅전설의 등장인물 목록	151	페잔	페잔	도미니크 산 피에르	도미니크 산 피에르	https://ko.wikipedia.org/wiki/은하영웅전설의_등장인물_목록
canon_reference	ko	은하영웅전설의 등장인물 목록	155	지구교	지구교	그랜드 비숍	그랜드 비숍	https://ko.wikipedia.org/wiki/은하영웅전설의_등장인물_목록
canon_reference	ko	은하영웅전설의 등장인물 목록	156	지구교	지구교	드 빌리에	드 빌리에	https://ko.wikipedia.org/wiki/은하영웅전설의_등장인물_목록
canon_reference	ko	은하영웅전설의 등장인물 목록	157	지구교	지구교	하인리히 폰 큄멜	하인리히 폰 큄멜	https://ko.wikipedia.org/wiki/은하영웅전설의_등장인물_목록
